ID,RainTomorrow
1,1
2,1
3,0
4,0
5,0
6,1
7,1
8,1
9,1
10,1
11,1
12,1
13,1
14,1
15,0
16,0
17,0
18,1
19,0
20,1
21,1
22,0
23,0
24,0
25,0
26,1
27,0
28,0
29,1
30,0
31,0
32,1
33,0
34,0
35,1
36,0
37,1
38,1
39,0
40,1
41,0
42,0
43,1
44,1
45,1
46,1
47,1
48,0
49,1
50,0
51,0
52,1
53,1
54,1
55,1
56,1
57,1
58,0
59,0
60,0
61,0
62,1
63,1
64,1
65,1
66,0
67,0
68,0
69,1
70,1
71,0
72,0
73,0
74,1
75,0
76,0
77,0
78,1
79,0
80,1
81,1
82,1
83,1
84,0
85,1
86,1
87,1
88,1
89,0
90,0
91,1
92,1
93,1
94,1
95,0
96,0
97,1
98,1
99,0
100,0
101,0
102,0
103,0
104,0
105,1
106,0
107,0
108,0
109,1
110,1
111,1
112,1
113,1
114,0
115,1
116,0
117,0
118,1
119,1
120,0
121,1
122,1
123,0
124,0
125,0
126,0
127,1
128,0
129,1
130,0
131,0
132,0
133,1
134,1
135,0
136,1
137,1
138,1
139,1
140,1
141,0
142,1
143,0
144,0
145,0
146,1
147,1
148,1
149,1
150,0
151,0
152,0
153,0
154,1
155,1
156,1
157,1
158,1
159,1
160,0
161,0
162,0
163,1
164,0
165,1
166,0
167,0
168,0
169,1
170,0
171,0
172,1
173,1
174,1
175,1
176,1
177,0
178,1
179,0
180,1
181,1
182,0
183,1
184,1
185,1
186,1
187,0
188,1
189,1
190,0
191,1
192,1
193,1
194,0
195,0
196,0
197,1
198,1
199,0
200,0
201,1
202,1
203,1
204,1
205,1
206,1
207,0
208,0
209,0
210,0
211,0
212,0
213,1
214,1
215,1
216,1
217,0
218,1
219,1
220,0
221,1
222,1
223,1
224,0
225,1
226,0
227,0
228,1
229,1
230,1
231,0
232,1
233,1
234,0
235,0
236,1
237,0
238,0
239,1
240,0
241,1
242,1
243,0
244,0
245,0
246,0
247,1
248,0
249,0
250,0
251,1
252,1
253,1
254,1
255,1
256,1
257,1
258,0
259,0
260,0
261,1
262,1
263,1
264,0
265,1
266,1
267,0
268,0
269,1
270,1
271,0
272,1
273,1
274,1
275,0
276,0
277,0
278,0
279,1
280,1
281,1
282,0
283,1
284,1
285,1
286,0
287,0
288,1
289,1
290,0
291,0
292,1
293,1
294,0
295,1
296,0
297,0
298,1
299,1
300,0
301,1
302,1
303,1
304,0
305,0
306,1
307,1
308,0
309,0
310,1
311,0
312,1
313,0
314,1
315,0
316,1
317,0
318,1
319,1
320,1
321,1
322,1
323,1
324,0
325,0
326,0
327,1
328,0
329,1
330,1
331,0
332,0
333,0
334,1
335,0
336,1
337,0
338,1
339,1
340,0
341,1
342,1
343,0
344,1
345,1
346,0
347,1
348,1
349,1
350,1
351,1
352,1
353,0
354,1
355,1
356,1
357,1
358,0
359,1
360,1
361,0
362,1
363,0
364,1
365,1
366,0
367,1
368,1
369,1
370,0
371,1
372,1
373,1
374,1
375,0
376,0
377,1
378,1
379,1
380,1
381,0
382,1
383,0
384,0
385,1
386,0
387,1
388,1
389,0
390,0
391,1
392,1
393,0
394,0
395,0
396,1
397,1
398,0
399,1
400,0
401,0
402,1
403,1
404,1
405,0
406,0
407,1
408,0
409,0
410,0
411,1
412,0
413,1
414,0
415,0
416,1
417,1
418,0
419,1
420,1
421,1
422,0
423,1
424,1
425,1
426,1
427,1
428,1
429,0
430,1
431,0
432,1
433,0
434,1
435,1
436,1
437,1
438,1
439,0
440,1
441,1
442,0
443,1
444,1
445,1
446,1
447,0
448,1
449,0
450,1
451,1
452,1
453,1
454,0
455,0
456,1
457,0
458,1
459,0
460,1
461,0
462,1
463,0
464,0
465,1
466,0
467,1
468,0
469,0
470,0
471,1
472,1
473,0
474,0
475,0
476,0
477,1
478,1
479,1
480,1
481,1
482,0
483,0
484,1
485,1
486,1
487,1
488,0
489,0
490,1
491,0
492,0
493,1
494,1
495,0
496,1
497,1
498,0
499,1
500,1
501,1
502,1
503,0
504,1
505,0
506,1
507,1
508,1
509,0
510,0
511,1
512,0
513,1
514,1
515,1
516,1
517,1
518,1
519,0
520,1
521,1
522,1
523,1
524,0
525,0
526,0
527,1
528,1
529,0
530,1
531,0
532,1
533,0
534,1
535,0
536,0
537,1
538,1
539,0
540,1
541,1
542,1
543,1
544,0
545,1
546,1
547,1
548,1
549,1
550,0
551,0
552,0
553,0
554,1
555,1
556,1
557,1
558,0
559,0
560,0
561,1
562,0
563,0
564,1
565,1
566,1
567,0
568,0
569,1
570,0
571,1
572,1
573,1
574,0
575,1
576,1
577,0
578,1
579,0
580,1
581,1
582,1
583,1
584,1
585,0
586,1
587,0
588,1
589,1
590,0
591,0
592,0
593,1
594,1
595,1
596,1
597,0
598,1
599,0
600,0
601,0
602,1
603,1
604,0
605,0
606,0
607,1
608,1
609,0
610,1
611,1
612,0
613,0
614,1
615,0
616,1
617,0
618,0
619,1
620,1
621,0
622,0
623,1
624,0
625,0
626,1
627,1
628,0
629,0
630,1
631,1
632,1
633,1
634,1
635,1
636,0
637,0
638,1
639,1
640,1
641,0
642,1
643,0
644,0
645,0
646,1
647,1
648,0
649,0
650,0
651,0
652,1
653,1
654,0
655,1
656,1
657,0
658,1
659,1
660,0
661,0
662,0
663,0
664,1
665,1
666,1
667,0
668,0
669,1
670,1
671,1
672,1
673,1
674,1
675,0
676,1
677,0
678,0
679,0
680,1
681,1
682,0
683,0
684,1
685,1
686,0
687,1
688,0
689,0
690,0
691,1
692,1
693,1
694,1
695,1
696,0
697,0
698,1
699,1
700,0
701,0
702,1
703,1
704,1
705,1
706,1
707,1
708,1
709,0
710,1
711,1
712,0
713,0
714,1
715,1
716,1
717,1
718,1
719,0
720,1
721,1
722,0
723,1
724,0
725,0
726,0
727,1
728,1
729,0
730,0
731,0
732,1
733,1
734,1
735,1
736,0
737,1
738,0
739,0
740,1
741,1
742,0
743,1
744,1
745,1
746,0
747,1
748,0
749,1
750,1
751,1
752,1
753,1
754,1
755,0
756,1
757,0
758,1
759,1
760,1
761,0
762,0
763,0
764,1
765,0
766,1
767,0
768,1
769,0
770,1
771,1
772,1
773,0
774,1
775,0
776,1
777,0
778,1
779,1
780,1
781,1
782,0
783,0
784,0
785,1
786,1
787,1
788,1
789,0
790,0
791,1
792,1
793,1
794,0
795,0
796,0
797,1
798,1
799,1
800,0
801,0
802,0
803,1
804,0
805,1
806,1
807,0
808,1
809,1
810,1
811,0
812,0
813,0
814,1
815,1
816,0
817,1
818,1
819,1
820,0
821,1
822,1
823,0
824,0
825,1
826,0
827,1
828,1
829,0
830,1
831,0
832,1
833,0
834,1
835,0
836,0
837,1
838,1
839,1
840,1
841,1
842,0
843,0
844,0
845,1
846,0
847,0
848,1
849,1
850,0
851,1
852,0
853,1
854,1
855,1
856,0
857,0
858,1
859,1
860,1
861,1
862,0
863,1
864,1
865,1
866,0
867,0
868,1
869,1
870,0
871,0
872,1
873,0
874,1
875,1
876,0
877,1
878,1
879,0
880,0
881,1
882,1
883,0
884,1
885,0
886,1
887,1
888,1
889,0
890,1
891,0
892,1
893,1
894,1
895,1
896,0
897,0
898,0
899,0
900,0
901,0
902,1
903,0
904,0
905,1
906,0
907,1
908,0
909,1
910,0
911,1
912,1
913,1
914,1
915,1
916,1
917,0
918,1
919,0
920,1
921,1
922,1
923,0
924,1
925,1
926,1
927,1
928,0
929,1
930,0
931,1
932,0
933,0
934,0
935,0
936,1
937,1
938,1
939,1
940,0
941,0
942,0
943,0
944,1
945,1
946,1
947,1
948,1
949,0
950,0
951,1
952,0
953,0
954,1
955,0
956,1
957,1
958,0
959,0
960,0
961,0
962,0
963,0
964,1
965,1
966,1
967,1
968,1
969,1
970,1
971,0
972,1
973,1
974,0
975,1
976,1
977,0
978,1
979,0
980,0
981,1
982,1
983,1
984,1
985,0
986,0
987,1
988,1
989,0
990,0
991,0
992,1
993,1
994,1
995,1
996,1
997,1
998,0
999,1
1000,1
1001,0
1002,1
1003,0
1004,1
1005,1
1006,0
1007,0
1008,1
1009,1
1010,1
1011,0
1012,1
1013,0
1014,0
1015,1
1016,1
1017,0
1018,1
1019,1
1020,0
1021,1
1022,1
1023,0
1024,0
1025,1
1026,1
1027,0
1028,1
1029,1
1030,0
1031,0
1032,1
1033,0
1034,1
1035,0
1036,0
1037,0
1038,0
1039,1
1040,1
1041,0
1042,1
1043,1
1044,1
1045,1
1046,0
1047,1
1048,1
1049,0
1050,0
1051,1
1052,1
1053,1
1054,0
1055,1
1056,1
1057,1
1058,1
1059,0
1060,1
1061,0
1062,1
1063,1
1064,1
1065,0
1066,1
1067,0
1068,1
1069,0
1070,1
1071,1
1072,0
1073,1
1074,1
1075,1
1076,0
1077,1
1078,0
1079,0
1080,0
1081,1
1082,1
1083,1
1084,1
1085,1
1086,1
1087,1
1088,1
1089,0
1090,0
1091,1
1092,0
1093,0
1094,1
1095,0
1096,0
1097,0
1098,1
1099,0
1100,0
1101,1
1102,0
1103,1
1104,1
1105,1
1106,1
1107,1
1108,0
1109,1
1110,1
1111,1
1112,0
1113,0
1114,1
1115,0
1116,1
1117,1
1118,0
1119,1
1120,0
1121,1
1122,0
1123,1
1124,0
1125,0
1126,1
1127,1
1128,0
1129,0
1130,1
1131,1
1132,1
1133,1
1134,1
1135,1
1136,0
1137,1
1138,0
1139,1
1140,1
1141,1
1142,1
1143,1
1144,0
1145,1
1146,0
1147,0
1148,1
1149,1
1150,1
1151,0
1152,1
1153,0
1154,1
1155,0
1156,0
1157,0
1158,0
1159,1
1160,1
1161,1
1162,0
1163,1
1164,1
1165,1
1166,1
1167,0
1168,1
1169,1
1170,0
1171,1
1172,0
1173,1
1174,0
1175,1
1176,1
1177,0
1178,1
1179,1
1180,1
1181,1
1182,1
1183,1
1184,0
1185,0
1186,0
1187,1
1188,1
1189,1
1190,1
1191,0
1192,0
1193,1
1194,0
1195,1
1196,1
1197,0
1198,1
1199,1
1200,1
1201,1
1202,0
1203,0
1204,1
1205,1
1206,1
1207,1
1208,1
1209,0
1210,1
1211,1
1212,1
1213,1
1214,0
1215,0
1216,1
1217,1
1218,1
1219,1
1220,1
1221,1
1222,1
1223,0
1224,0
1225,1
1226,0
1227,1
1228,1
1229,0
1230,1
1231,1
1232,0
1233,1
1234,0
1235,1
1236,1
1237,0
1238,1
1239,1
1240,0
1241,0
1242,0
1243,1
1244,0
1245,1
1246,0
1247,1
1248,1
1249,1
1250,0
1251,1
1252,1
1253,1
1254,1
1255,0
1256,1
1257,0
1258,1
1259,1
1260,1
1261,0
1262,0
1263,1
1264,0
1265,0
1266,0
1267,0
1268,1
1269,1
1270,1
1271,0
1272,1
1273,0
1274,0
1275,1
1276,0
1277,0
1278,0
1279,1
1280,0
1281,0
1282,0
1283,1
1284,1
1285,1
1286,0
1287,0
1288,1
1289,1
1290,1
1291,1
1292,1
1293,1
1294,0
1295,1
1296,1
1297,1
1298,1
1299,0
1300,1
1301,1
1302,0
1303,1
1304,0
1305,1
1306,1
1307,1
1308,0
1309,1
1310,0
1311,0
1312,1
1313,1
1314,0
1315,0
1316,1
1317,1
1318,0
1319,1
1320,0
1321,1
1322,1
1323,0
1324,1
1325,1
1326,0
1327,1
1328,1
1329,0
1330,1
1331,0
1332,0
1333,0
1334,0
1335,1
1336,0
1337,1
1338,1
1339,1
1340,1
1341,1
1342,1
1343,0
1344,1
1345,0
1346,1
1347,1
1348,0
1349,0
1350,0
1351,1
1352,1
1353,1
1354,1
1355,0
1356,1
1357,1
1358,1
1359,0
1360,0
1361,1
1362,0
1363,1
1364,1
1365,0
1366,0
1367,0
1368,0
1369,0
1370,0
1371,1
1372,0
1373,1
1374,1
1375,1
1376,1
1377,1
1378,0
1379,0
1380,1
1381,1
1382,1
1383,1
1384,1
1385,1
1386,0
1387,0
1388,1
1389,0
1390,0
1391,0
1392,1
1393,0
1394,1
1395,0
1396,1
1397,0
1398,0
1399,1
1400,1
1401,1
1402,1
1403,0
1404,1
1405,0
1406,0
1407,1
1408,0
1409,1
1410,0
1411,1
1412,1
1413,0
1414,0
1415,0
1416,0
1417,1
1418,1
1419,0
1420,1
1421,1
1422,1
1423,0
1424,0
1425,1
1426,0
1427,0
1428,0
1429,1
1430,1
1431,1
1432,1
1433,0
1434,1
1435,1
1436,1
1437,0
1438,1
1439,1
1440,0
1441,0
1442,0
1443,1
1444,0
1445,1
1446,1
1447,1
1448,1
1449,0
1450,1
1451,1
1452,0
1453,0
1454,0
1455,0
1456,1
1457,1
1458,0
1459,0
1460,1
1461,1
1462,1
1463,1
1464,1
1465,1
1466,1
1467,0
1468,0
1469,0
1470,1
1471,1
1472,1
1473,0
1474,1
1475,1
1476,1
1477,1
1478,0
1479,1
1480,1
1481,1
1482,0
1483,0
1484,0
1485,1
1486,1
1487,1
1488,0
1489,1
1490,1
1491,0
1492,1
1493,0
1494,1
1495,1
1496,1
1497,1
1498,1
1499,1
1500,0
1501,1
1502,1
1503,1
1504,1
1505,1
1506,1
1507,1
1508,0
1509,0
1510,1
1511,1
1512,1
1513,1
1514,1
1515,0
1516,0
1517,1
1518,0
1519,1
1520,1
1521,1
1522,0
1523,1
1524,0
1525,1
1526,1
1527,1
1528,0
1529,1
1530,0
1531,0
1532,1
1533,0
1534,1
1535,0
1536,0
1537,1
1538,0
1539,1
1540,0
1541,0
1542,1
1543,1
1544,1
1545,0
1546,0
1547,1
1548,1
1549,0
1550,0
1551,1
1552,0
1553,1
1554,0
1555,0
1556,0
1557,0
1558,0
1559,1
1560,1
1561,1
1562,0
1563,0
1564,1
1565,1
1566,0
1567,1
1568,1
1569,0
1570,1
1571,1
1572,1
1573,1
1574,1
1575,0
1576,0
1577,1
1578,1
1579,1
1580,1
1581,0
1582,1
1583,0
1584,0
1585,0
1586,0
1587,0
1588,1
1589,0
1590,0
1591,0
1592,0
1593,0
1594,1
1595,0
1596,0
1597,0
1598,1
1599,1
1600,0
1601,0
1602,1
1603,1
1604,1
1605,0
1606,1
1607,1
1608,0
1609,0
1610,1
1611,1
1612,1
1613,0
1614,1
1615,0
1616,0
1617,0
1618,1
1619,0
1620,1
1621,1
1622,0
1623,1
1624,1
1625,1
1626,1
1627,0
1628,0
1629,0
1630,1
1631,1
1632,1
1633,0
1634,1
1635,0
1636,1
1637,1
1638,1
1639,1
1640,0
1641,1
1642,1
1643,1
1644,1
1645,1
1646,0
1647,0
1648,1
1649,0
1650,1
1651,0
1652,1
1653,1
1654,1
1655,1
1656,0
1657,1
1658,1
1659,0
1660,1
1661,0
1662,1
1663,1
1664,0
1665,0
1666,1
1667,1
1668,1
1669,1
1670,1
1671,0
1672,0
1673,1
1674,1
1675,1
1676,0
1677,0
1678,1
1679,1
1680,1
1681,0
1682,0
1683,1
1684,0
1685,0
1686,1
1687,0
1688,1
1689,1
1690,1
1691,1
1692,0
1693,0
1694,0
1695,1
1696,1
1697,1
1698,0
1699,1
1700,1
1701,1
1702,1
1703,1
1704,1
1705,1
1706,0
1707,1
1708,0
1709,1
1710,1
1711,0
1712,0
1713,0
1714,1
1715,1
1716,1
1717,1
1718,0
1719,1
1720,1
1721,1
1722,0
1723,1
1724,1
1725,1
1726,0
1727,1
1728,1
1729,0
1730,0
1731,0
1732,0
1733,0
1734,0
1735,0
1736,0
1737,0
1738,1
1739,0
1740,1
1741,1
1742,1
1743,0
1744,1
1745,1
1746,1
1747,1
1748,0
1749,0
1750,1
1751,1
1752,1
1753,0
1754,1
1755,1
1756,1
1757,0
1758,0
1759,1
1760,0
1761,1
1762,0
1763,1
1764,0
1765,1
1766,0
1767,1
1768,0
1769,1
1770,0
1771,0
1772,0
1773,1
1774,0
1775,1
1776,0
1777,1
1778,0
1779,0
1780,0
1781,0
1782,0
1783,1
1784,1
1785,1
1786,1
1787,0
1788,1
1789,0
1790,0
1791,1
1792,1
1793,0
1794,1
1795,1
1796,0
1797,1
1798,0
1799,1
1800,0
1801,1
1802,0
1803,1
1804,0
1805,1
1806,1
1807,1
1808,0
1809,0
1810,1
1811,0
1812,1
1813,0
1814,1
1815,1
1816,0
1817,0
1818,1
1819,1
1820,0
1821,1
1822,1
1823,1
1824,1
1825,0
1826,1
1827,1
1828,0
1829,1
1830,1
1831,0
1832,0
1833,0
1834,0
1835,0
1836,0
1837,1
1838,0
1839,1
1840,1
1841,1
1842,0
1843,0
1844,1
1845,0
1846,1
1847,0
1848,1
1849,1
1850,1
1851,0
1852,0
1853,0
1854,1
1855,1
1856,0
1857,0
1858,1
1859,1
1860,0
1861,1
1862,1
1863,0
1864,1
1865,1
1866,0
1867,1
1868,1
1869,0
1870,0
1871,1
1872,1
1873,1
1874,1
1875,1
1876,1
1877,1
1878,1
1879,1
1880,1
1881,1
1882,1
1883,1
1884,0
1885,0
1886,0
1887,0
1888,1
1889,0
1890,1
1891,0
1892,0
1893,1
1894,0
1895,1
1896,1
1897,1
1898,0
1899,1
1900,0
1901,1
1902,1
1903,0
1904,0
1905,0
1906,0
1907,0
1908,1
1909,1
1910,0
1911,0
1912,0
1913,0
1914,1
1915,1
1916,1
1917,1
1918,1
1919,0
1920,1
1921,0
1922,0
1923,0
1924,1
1925,1
1926,1
1927,0
1928,1
1929,1
1930,0
1931,0
1932,0
1933,1
1934,1
1935,1
1936,0
1937,0
1938,0
1939,1
1940,1
1941,1
1942,1
1943,1
1944,0
1945,1
1946,0
1947,1
1948,1
1949,1
1950,0
1951,1
1952,1
1953,0
1954,1
1955,1
1956,0
1957,1
1958,1
1959,0
1960,0
1961,1
1962,0
1963,0
1964,1
1965,1
1966,1
1967,1
1968,0
1969,1
1970,1
1971,0
1972,0
1973,0
1974,0
1975,0
1976,0
1977,1
1978,1
1979,1
1980,0
1981,1
1982,1
1983,0
1984,1
1985,0
1986,1
1987,1
1988,0
1989,1
1990,0
1991,0
1992,1
1993,1
1994,1
1995,1
1996,1
1997,1
1998,0
1999,0
2000,1
2001,1
2002,1
2003,0
2004,0
2005,1
2006,0
2007,1
2008,1
2009,1
2010,1
2011,1
2012,0
2013,0
2014,1
2015,1
2016,0
2017,1
2018,1
2019,0
2020,1
2021,1
2022,1
2023,0
2024,0
2025,1
2026,1
2027,0
2028,1
2029,1
2030,0
2031,0
2032,0
2033,1
2034,1
2035,0
2036,0
2037,1
2038,0
2039,0
2040,1
2041,0
2042,0
2043,1
2044,0
2045,0
2046,1
2047,1
2048,1
2049,1
2050,1
2051,1
2052,0
2053,0
2054,1
2055,0
2056,1
2057,1
2058,1
2059,1
2060,0
2061,0
2062,1
2063,0
2064,1
2065,1
2066,1
2067,1
2068,0
2069,0
2070,0
2071,0
2072,1
2073,1
2074,0
2075,0
2076,0
2077,1
2078,1
2079,1
2080,1
2081,0
2082,1
2083,1
2084,0
2085,1
2086,0
2087,1
2088,1
2089,0
2090,0
2091,1
2092,0
2093,1
2094,0
2095,1
2096,0
2097,0
2098,0
2099,0
2100,0
2101,0
2102,0
2103,0
2104,0
2105,1
2106,0
2107,1
2108,0
2109,1
2110,1
2111,0
2112,0
2113,0
2114,0
2115,0
2116,1
2117,0
2118,0
2119,1
2120,0
2121,1
2122,0
2123,1
2124,0
2125,0
2126,0
2127,1
2128,1
2129,0
2130,1
2131,1
2132,0
2133,0
2134,1
2135,0
2136,1
2137,0
2138,0
2139,0
2140,0
2141,0
2142,0
2143,1
2144,1
2145,1
2146,0
2147,0
2148,0
2149,1
2150,1
2151,1
2152,1
2153,1
2154,0
2155,1
2156,0
2157,0
2158,0
2159,0
2160,1
2161,1
2162,0
2163,0
2164,1
2165,1
2166,1
2167,0
2168,1
2169,1
2170,1
2171,0
2172,0
2173,1
2174,0
2175,0
2176,0
2177,0
2178,0
2179,0
2180,1
2181,0
2182,0
2183,1
2184,1
2185,0
2186,0
2187,1
2188,1
2189,1
2190,0
2191,1
2192,1
2193,1
2194,1
2195,1
2196,1
2197,1
2198,0
2199,1
2200,1
2201,1
2202,1
2203,1
2204,0
2205,1
2206,1
2207,1
2208,1
2209,1
2210,1
2211,1
2212,0
2213,0
2214,0
2215,0
2216,0
2217,0
2218,1
2219,1
2220,1
2221,0
2222,1
2223,1
2224,1
2225,1
2226,0
2227,1
2228,0
2229,1
2230,0
2231,1
2232,0
2233,1
2234,1
2235,1
2236,1
2237,0
2238,1
2239,0
2240,1
2241,0
2242,0
2243,1
2244,1
2245,0
2246,1
2247,1
2248,0
2249,1
2250,1
2251,1
2252,0
2253,1
2254,0
2255,1
2256,0
2257,1
2258,1
2259,0
2260,0
2261,1
2262,0
2263,1
2264,1
2265,0
2266,0
2267,1
2268,1
2269,0
2270,0
2271,1
2272,1
2273,0
2274,1
2275,1
2276,0
2277,0
2278,0
2279,1
2280,1
2281,0
2282,0
2283,1
2284,1
2285,0
2286,1
2287,1
2288,0
2289,1
2290,0
2291,0
2292,1
2293,0
2294,0
2295,0
2296,1
2297,1
2298,1
2299,1
2300,1
2301,0
2302,1
2303,1
2304,1
2305,0
2306,0
2307,0
2308,0
2309,1
2310,1
2311,1
2312,1
2313,1
2314,1
2315,0
2316,1
2317,0
2318,0
2319,0
2320,1
2321,0
2322,0
2323,0
2324,0
2325,1
2326,1
2327,1
2328,0
2329,0
2330,1
2331,1
2332,1
2333,0
2334,1
2335,0
2336,1
2337,1
2338,1
2339,0
2340,1
2341,1
2342,1
2343,1
2344,0
2345,0
2346,1
2347,1
2348,0
2349,0
2350,0
2351,1
2352,0
2353,0
2354,1
2355,1
2356,0
2357,0
2358,0
2359,1
2360,1
2361,1
2362,0
2363,1
2364,1
2365,0
2366,1
2367,1
2368,1
2369,0
2370,0
2371,1
2372,1
2373,0
2374,1
2375,1
2376,0
2377,1
2378,0
2379,1
2380,1
2381,1
2382,1
2383,0
2384,0
2385,0
2386,1
2387,0
2388,0
2389,0
2390,1
2391,0
2392,1
2393,0
2394,0
2395,1
2396,1
2397,1
2398,0
2399,0
2400,0
2401,1
2402,1
2403,1
2404,1
2405,1
2406,1
2407,0
2408,0
2409,0
2410,1
2411,0
2412,0
2413,1
2414,1
2415,1
2416,0
2417,0
2418,0
2419,1
2420,1
2421,1
2422,1
2423,1
2424,1
2425,1
2426,1
2427,1
2428,0
2429,1
2430,0
2431,0
2432,1
2433,1
2434,1
2435,1
2436,1
2437,0
2438,1
2439,0
2440,0
2441,0
2442,0
2443,1
2444,0
2445,0
2446,1
2447,1
2448,1
2449,1
2450,0
2451,1
2452,1
2453,1
2454,0
2455,1
2456,0
2457,1
2458,1
2459,0
2460,0
2461,0
2462,1
2463,0
2464,0
2465,0
2466,0
2467,1
2468,1
2469,0
2470,0
2471,1
2472,1
2473,0
2474,0
2475,0
2476,1
2477,0
2478,1
2479,0
2480,0
2481,0
2482,0
2483,0
2484,0
2485,1
2486,0
2487,1
2488,0
2489,1
2490,1
2491,0
2492,1
2493,1
2494,1
2495,0
2496,0
2497,0
2498,1
2499,1
2500,1
2501,1
2502,0
2503,0
2504,0
2505,1
2506,1
2507,1
2508,1
2509,1
2510,0
2511,0
2512,1
2513,1
2514,1
2515,0
2516,1
2517,0
2518,1
2519,0
2520,0
2521,0
2522,1
2523,1
2524,0
2525,0
2526,0
2527,1
2528,1
2529,1
2530,0
2531,1
2532,1
2533,0
2534,1
2535,0
2536,1
2537,1
2538,1
2539,1
2540,0
2541,1
2542,1
2543,0
2544,1
2545,1
2546,0
2547,1
2548,0
2549,1
2550,1
2551,0
2552,0
2553,0
2554,0
2555,1
2556,1
2557,0
2558,1
2559,0
2560,0
2561,1
2562,1
2563,1
2564,1
2565,1
2566,1
2567,1
2568,1
2569,0
2570,0
2571,0
2572,1
2573,1
2574,0
2575,0
2576,0
2577,0
2578,0
2579,0
2580,1
2581,0
2582,0
2583,1
2584,1
2585,0
2586,0
2587,0
2588,0
2589,0
2590,0
2591,0
2592,1
2593,0
2594,1
2595,1
2596,1
2597,1
2598,0
2599,0
2600,0
2601,1
2602,1
2603,0
2604,1
2605,1
2606,0
2607,0
2608,1
2609,0
2610,1
2611,0
2612,1
2613,1
2614,1
2615,1
2616,1
2617,0
2618,1
2619,1
2620,0
2621,0
2622,0
2623,1
2624,0
2625,1
2626,1
2627,1
2628,1
2629,1
2630,1
2631,1
2632,1
2633,1
2634,1
2635,0
2636,0
2637,1
2638,0
2639,1
2640,1
2641,1
2642,0
2643,1
2644,1
2645,0
2646,1
2647,1
2648,1
2649,1
2650,0
2651,0
2652,1
2653,1
2654,1
2655,0
2656,1
2657,1
2658,0
2659,0
2660,1
2661,1
2662,0
2663,1
2664,0
2665,1
2666,1
2667,0
2668,1
2669,0
2670,0
2671,1
2672,0
2673,1
2674,0
2675,0
2676,1
2677,0
2678,0
2679,1
2680,0
2681,1
2682,1
2683,0
2684,1
2685,1
2686,1
2687,0
2688,1
2689,0
2690,0
2691,1
2692,0
2693,1
2694,1
2695,1
2696,1
2697,1
2698,0
2699,0
2700,1
2701,1
2702,1
2703,0
2704,1
2705,1
2706,1
2707,1
2708,1
2709,1
2710,1
2711,1
2712,1
2713,1
2714,0
2715,0
2716,0
2717,1
2718,1
2719,0
2720,0
2721,0
2722,0
2723,0
2724,1
2725,1
2726,0
2727,1
2728,1
2729,1
2730,0
2731,1
2732,1
2733,0
2734,1
2735,0
2736,1
2737,0
2738,0
2739,0
2740,1
2741,0
2742,1
2743,0
2744,1
2745,1
2746,0
2747,1
2748,1
2749,0
2750,1
2751,1
2752,1
2753,1
2754,1
2755,0
2756,1
2757,1
2758,0
2759,1
2760,1
2761,1
2762,1
2763,1
2764,1
2765,1
2766,1
2767,1
2768,0
2769,0
2770,0
2771,1
2772,1
2773,0
2774,0
2775,1
2776,1
2777,0
2778,1
2779,0
2780,1
2781,0
2782,0
2783,0
2784,0
2785,0
2786,0
2787,0
2788,1
2789,0
2790,0
2791,0
2792,1
2793,0
2794,0
2795,0
2796,1
2797,1
2798,1
2799,1
2800,0
2801,1
2802,1
2803,1
2804,0
2805,1
2806,1
2807,1
2808,0
2809,0
2810,1
2811,0
2812,1
2813,1
2814,1
2815,0
2816,1
2817,1
2818,1
2819,1
2820,0
2821,0
2822,1
2823,1
2824,1
2825,1
2826,1
2827,1
2828,0
2829,1
2830,1
2831,1
2832,1
2833,0
2834,1
2835,0
2836,1
2837,1
2838,0
2839,1
2840,1
2841,0
2842,0
2843,0
2844,0
2845,0
2846,0
2847,0
2848,0
2849,0
2850,0
2851,1
2852,1
2853,0
2854,0
2855,1
2856,1
2857,1
2858,1
2859,0
2860,1
2861,0
2862,1
2863,0
2864,0
2865,0
2866,1
2867,1
2868,1
2869,0
2870,0
2871,1
2872,1
2873,1
2874,0
2875,1
2876,1
2877,0
2878,0
2879,1
2880,0
2881,1
2882,0
2883,1
2884,0
2885,1
2886,1
2887,0
2888,0
2889,0
2890,1
2891,0
2892,0
2893,0
2894,0
2895,1
2896,0
2897,1
2898,0
2899,0
2900,0
2901,0
2902,1
2903,0
2904,0
2905,0
2906,1
2907,0
2908,1
2909,1
2910,1
2911,0
2912,0
2913,1
2914,0
2915,0
2916,1
2917,0
2918,0
2919,1
2920,0
2921,1
2922,1
2923,0
2924,0
2925,1
2926,0
2927,1
2928,1
2929,0
2930,0
2931,0
2932,1
2933,1
2934,1
2935,1
2936,0
2937,0
2938,1
2939,1
2940,1
2941,0
2942,1
2943,0
2944,1
2945,1
2946,0
2947,0
2948,1
2949,1
2950,0
2951,0
2952,1
2953,1
2954,1
2955,0
2956,1
2957,1
2958,0
2959,0
2960,0
2961,1
2962,1
2963,0
2964,0
2965,1
2966,1
2967,0
2968,0
2969,1
2970,1
2971,1
2972,1
2973,1
2974,1
2975,1
2976,1
2977,1
2978,1
2979,1
2980,0
2981,1
2982,0
2983,0
2984,0
2985,1
2986,1
2987,1
2988,0
2989,0
2990,1
2991,1
2992,0
2993,0
2994,0
2995,1
2996,1
2997,0
2998,0
2999,0
3000,0
3001,1
3002,0
3003,1
3004,1
3005,0
3006,1
3007,0
3008,1
3009,0
3010,1
3011,1
3012,0
3013,0
3014,0
3015,0
3016,0
3017,1
3018,1
3019,0
3020,1
3021,0
3022,0
3023,1
3024,1
3025,0
3026,1
3027,0
3028,1
3029,0
3030,1
3031,0
3032,0
3033,1
3034,0
3035,1
3036,1
3037,0
3038,0
3039,0
3040,0
3041,1
3042,1
3043,1
3044,0
3045,1
3046,1
3047,1
3048,1
3049,0
3050,0
3051,0
3052,1
3053,1
3054,1
3055,1
3056,0
3057,0
3058,1
3059,1
3060,1
3061,0
3062,1
3063,1
3064,0
3065,1
3066,0
3067,1
3068,0
3069,1
3070,1
3071,0
3072,0
3073,1
3074,1
3075,1
3076,0
3077,1
3078,0
3079,1
3080,0
3081,0
3082,1
3083,1
3084,1
3085,1
3086,1
3087,1
3088,1
3089,0
3090,0
3091,0
3092,1
3093,0
3094,1
3095,1
3096,1
3097,1
3098,1
3099,1
3100,0
3101,0
3102,1
3103,1
3104,1
3105,1
3106,1
3107,1
3108,0
3109,1
3110,0
3111,1
3112,0
3113,1
3114,1
3115,0
3116,1
3117,1
3118,0
3119,1
3120,1
3121,1
3122,0
3123,1
3124,0
3125,1
3126,1
3127,0
3128,0
3129,1
3130,1
3131,1
3132,1
3133,1
3134,0
3135,0
3136,0
3137,0
3138,0
3139,0
3140,0
3141,1
3142,1
3143,1
3144,1
3145,0
3146,0
3147,0
3148,1
3149,1
3150,0
3151,0
3152,1
3153,0
3154,0
3155,1
3156,1
3157,1
3158,1
3159,1
3160,1
3161,1
3162,0
3163,1
3164,0
3165,0
3166,1
3167,0
3168,0
3169,0
3170,0
3171,0
3172,1
3173,1
3174,0
3175,0
3176,1
3177,1
3178,1
3179,1
3180,1
3181,1
3182,1
3183,0
3184,0
3185,1
3186,1
3187,1
3188,1
3189,0
3190,1
3191,1
3192,1
3193,1
3194,1
3195,1
3196,1
3197,1
3198,1
3199,1
3200,1
3201,0
3202,0
3203,1
3204,1
3205,0
3206,1
3207,1
3208,1
3209,0
3210,0
3211,1
3212,0
3213,1
3214,1
3215,1
3216,1
3217,1
3218,1
3219,1
3220,0
3221,0
3222,0
3223,0
3224,0
3225,1
3226,0
3227,0
3228,1
3229,1
3230,1
3231,1
3232,1
3233,1
3234,0
3235,1
3236,1
3237,0
3238,0
3239,0
3240,0
3241,1
3242,1
3243,1
3244,0
3245,1
3246,1
3247,0
3248,1
3249,0
3250,0
3251,1
3252,1
3253,1
3254,0
3255,0
3256,0
3257,0
3258,0
3259,1
3260,1
3261,1
3262,1
3263,1
3264,1
3265,1
3266,1
3267,1
3268,1
3269,1
3270,1
3271,1
3272,0
3273,1
3274,0
3275,1
3276,1
3277,0
3278,0
3279,1
3280,1
3281,0
3282,1
3283,1
3284,0
3285,0
3286,1
3287,1
3288,1
3289,1
3290,1
3291,1
3292,0
3293,1
3294,0
3295,1
3296,1
3297,1
3298,0
3299,0
3300,0
3301,1
3302,0
3303,0
3304,0
3305,1
3306,1
3307,1
3308,1
3309,1
3310,1
3311,1
3312,0
3313,1
3314,1
3315,0
3316,1
3317,1
3318,1
3319,0
3320,1
3321,1
3322,1
3323,1
3324,1
3325,1
3326,0
3327,1
3328,0
3329,0
3330,1
3331,1
3332,1
3333,0
3334,1
3335,1
3336,1
3337,1
3338,1
3339,1
3340,1
3341,0
3342,1
3343,1
3344,1
3345,1
3346,1
3347,1
3348,0
3349,1
3350,0
3351,1
3352,0
3353,1
3354,1
3355,1
3356,1
3357,1
3358,1
3359,0
3360,0
3361,1
3362,1
3363,0
3364,0
3365,0
3366,1
3367,1
3368,1
3369,1
3370,1
3371,1
3372,1
3373,0
3374,0
3375,0
3376,0
3377,0
3378,1
3379,1
3380,1
3381,0
3382,1
3383,1
3384,0
3385,0
3386,1
3387,0
3388,0
3389,1
3390,0
3391,0
3392,0
3393,1
3394,0
3395,0
3396,0
3397,0
3398,0
3399,1
3400,1
3401,1
3402,0
3403,1
3404,1
3405,1
3406,0
3407,1
3408,1
3409,0
3410,0
3411,1
3412,1
3413,0
3414,1
3415,1
3416,0
3417,1
3418,0
3419,1
3420,1
3421,1
3422,1
3423,0
3424,1
3425,1
3426,1
3427,0
3428,1
3429,1
3430,0
3431,0
3432,0
3433,1
3434,1
3435,1
3436,0
3437,1
3438,0
3439,0
3440,0
3441,1
3442,1
3443,1
3444,0
3445,0
3446,1
3447,1
3448,1
3449,1
3450,0
3451,1
3452,1
3453,1
3454,1
3455,0
3456,1
3457,0
3458,0
3459,1
3460,0
3461,0
3462,1
3463,1
3464,1
3465,0
3466,1
3467,1
3468,0
3469,1
3470,0
3471,1
3472,0
3473,0
3474,1
3475,1
3476,1
3477,0
3478,1
3479,1
3480,0
3481,1
3482,1
3483,0
3484,1
3485,1
3486,1
3487,1
3488,0
3489,1
3490,1
3491,0
3492,1
3493,1
3494,0
3495,1
3496,1
3497,1
3498,1
3499,0
3500,1
3501,0
3502,1
3503,1
3504,1
3505,1
3506,1
3507,1
3508,0
3509,0
3510,1
3511,1
3512,1
3513,1
3514,0
3515,1
3516,1
3517,0
3518,1
3519,0
3520,0
3521,1
3522,0
3523,1
3524,1
3525,0
3526,0
3527,1
3528,1
3529,1
3530,1
3531,0
3532,1
3533,1
3534,1
3535,0
3536,1
3537,1
3538,1
3539,1
3540,1
3541,0
3542,1
3543,1
3544,0
3545,0
3546,1
3547,1
3548,0
3549,0
3550,1
3551,1
3552,0
3553,1
3554,1
3555,1
3556,1
3557,1
3558,1
3559,1
3560,0
3561,1
3562,1
3563,0
3564,1
3565,1
3566,1
3567,0
3568,1
3569,1
3570,0
3571,0
3572,0
3573,0
3574,1
3575,1
3576,0
3577,1
3578,0
3579,0
3580,1
3581,0
3582,1
3583,0
3584,0
3585,0
3586,1
3587,1
3588,1
3589,0
3590,1
3591,0
3592,0
3593,0
3594,1
3595,1
3596,0
3597,1
3598,1
3599,1
3600,1
3601,1
3602,0
3603,0
3604,1
3605,0
3606,0
3607,0
3608,1
3609,0
3610,1
3611,1
3612,0
3613,1
3614,1
3615,0
3616,0
3617,1
3618,0
3619,1
3620,1
3621,1
3622,1
3623,1
3624,0
3625,1
3626,1
3627,0
3628,0
3629,0
3630,1
3631,1
3632,1
3633,0
3634,0
3635,1
3636,0
3637,0
3638,0
3639,1
3640,1
3641,0
3642,1
3643,1
3644,1
3645,0
3646,0
3647,0
3648,1
3649,0
3650,0
3651,0
3652,1
3653,0
3654,1
3655,0
3656,0
3657,1
3658,1
3659,0
3660,0
3661,1
3662,1
3663,0
3664,1
3665,0
3666,0
3667,0
3668,0
3669,0
3670,1
3671,0
3672,0
3673,0
3674,1
3675,1
3676,0
3677,1
3678,1
3679,1
3680,0
3681,1
3682,0
3683,1
3684,1
3685,1
3686,0
3687,1
3688,0
3689,0
3690,1
3691,1
3692,0
3693,1
3694,1
3695,1
3696,1
3697,1
3698,0
3699,0
3700,0
3701,0
3702,0
3703,0
3704,0
3705,1
3706,1
3707,1
3708,0
3709,1
3710,1
3711,1
3712,0
3713,1
3714,0
3715,1
3716,1
3717,0
3718,0
3719,1
3720,0
3721,0
3722,0
3723,0
3724,0
3725,1
3726,1
3727,1
3728,1
3729,0
3730,1
3731,1
3732,0
3733,1
3734,0
3735,0
3736,0
3737,1
3738,0
3739,0
3740,1
3741,1
3742,0
3743,1
3744,1
3745,1
3746,1
3747,1
3748,1
3749,1
3750,1
3751,1
3752,0
3753,1
3754,0
3755,0
3756,0
3757,1
3758,1
3759,0
3760,0
3761,1
3762,1
3763,1
3764,0
3765,1
3766,0
3767,1
3768,1
3769,1
3770,0
3771,1
3772,0
3773,1
3774,1
3775,1
3776,1
3777,0
3778,0
3779,1
3780,1
3781,1
3782,0
3783,0
3784,0
3785,0
3786,0
3787,1
3788,1
3789,1
3790,1
3791,1
3792,1
3793,0
3794,0
3795,0
3796,1
3797,1
3798,1
3799,1
3800,1
3801,1
3802,0
3803,0
3804,1
3805,1
3806,1
3807,0
3808,0
3809,1
3810,0
3811,1
3812,1
3813,0
3814,1
3815,1
3816,0
3817,0
3818,1
3819,0
3820,1
3821,1
3822,1
3823,1
3824,1
3825,1
3826,0
3827,1
3828,0
3829,0
3830,0
3831,1
3832,1
3833,0
3834,0
3835,1
3836,0
3837,0
3838,1
3839,1
3840,1
3841,0
3842,0
3843,1
3844,1
3845,1
3846,1
3847,1
3848,1
3849,0
3850,0
3851,1
3852,1
3853,0
3854,0
3855,1
3856,0
3857,0
3858,0
3859,1
3860,0
3861,1
3862,0
3863,0
3864,1
3865,1
3866,1
3867,0
3868,1
3869,0
3870,1
3871,1
3872,0
3873,1
3874,1
3875,1
3876,0
3877,0
3878,0
3879,1
3880,0
3881,0
3882,1
3883,0
3884,1
3885,0
3886,0
3887,1
3888,0
3889,1
3890,1
3891,0
3892,1
3893,1
3894,1
3895,0
3896,1
3897,1
3898,1
3899,1
3900,1
3901,0
3902,1
3903,0
3904,0
3905,0
3906,1
3907,1
3908,0
3909,1
3910,1
3911,0
3912,0
3913,0
3914,1
3915,1
3916,1
3917,1
3918,1
3919,1
3920,1
3921,1
3922,1
3923,0
3924,1
3925,0
3926,0
3927,1
3928,0
3929,1
3930,1
3931,1
3932,0
3933,0
3934,1
3935,0
3936,1
3937,1
3938,1
3939,1
3940,1
3941,0
3942,1
3943,1
3944,0
3945,0
3946,1
3947,1
3948,0
3949,0
3950,1
3951,0
3952,1
3953,0
3954,1
3955,1
3956,0
3957,0
3958,0
3959,0
3960,0
3961,1
3962,1
3963,0
3964,0
3965,1
3966,1
3967,1
3968,1
3969,0
3970,0
3971,0
3972,1
3973,1
3974,1
3975,1
3976,1
3977,1
3978,1
3979,0
3980,1
3981,1
3982,0
3983,0
3984,1
3985,0
3986,0
3987,0
3988,1
3989,0
3990,0
3991,1
3992,1
3993,1
3994,1
3995,0
3996,1
3997,0
3998,1
3999,1
4000,1
4001,1
4002,1
4003,0
4004,1
4005,0
4006,1
4007,1
4008,0
4009,1
4010,1
4011,1
4012,1
4013,0
4014,0
4015,1
4016,0
4017,0
4018,1
4019,1
4020,0
4021,1
4022,0
4023,0
4024,1
4025,0
4026,0
4027,0
4028,1
4029,1
4030,1
4031,1
4032,1
4033,1
4034,1
4035,0
4036,0
4037,0
4038,1
4039,0
4040,1
4041,0
4042,1
4043,0
4044,0
4045,1
4046,1
4047,0
4048,0
4049,1
4050,0
4051,0
4052,0
4053,0
4054,1
4055,1
4056,0
4057,0
4058,0
4059,1
4060,0
4061,1
4062,0
4063,0
4064,0
4065,1
4066,0
4067,1
4068,1
4069,0
4070,0
4071,0
4072,0
4073,0
4074,0
4075,1
4076,1
4077,1
4078,1
4079,1
4080,1
4081,1
4082,1
4083,0
4084,1
4085,0
4086,1
4087,1
4088,1
4089,1
4090,1
4091,0
4092,1
4093,0
4094,1
4095,1
4096,1
4097,1
4098,0
4099,1
4100,1
4101,0
4102,1
4103,0
4104,1
4105,0
4106,1
4107,1
4108,1
4109,1
4110,0
4111,1
4112,1
4113,1
4114,0
4115,0
4116,0
4117,1
4118,0
4119,1
4120,1
4121,0
4122,0
4123,1
4124,1
4125,0
4126,0
4127,1
4128,1
4129,1
4130,0
4131,0
4132,0
4133,1
4134,1
4135,1
4136,1
4137,0
4138,1
4139,1
4140,1
4141,1
4142,1
4143,1
4144,0
4145,1
4146,0
4147,0
4148,1
4149,1
4150,0
4151,1
4152,0
4153,0
4154,0
4155,1
4156,1
4157,1
4158,0
4159,1
4160,0
4161,0
4162,1
4163,1
4164,0
4165,1
4166,1
4167,1
4168,1
4169,1
4170,0
4171,0
4172,1
4173,0
4174,0
4175,1
4176,1
4177,0
4178,1
4179,1
4180,0
4181,1
4182,0
4183,1
4184,1
4185,0
4186,1
4187,1
4188,1
4189,1
4190,1
4191,1
4192,1
4193,1
4194,1
4195,0
4196,1
4197,1
4198,0
4199,0
4200,1
4201,0
4202,0
4203,1
4204,1
4205,0
4206,0
4207,1
4208,1
4209,0
4210,0
4211,0
4212,0
4213,1
4214,1
4215,1
4216,1
4217,1
4218,0
4219,1
4220,0
4221,0
4222,0
4223,0
4224,1
4225,1
4226,1
4227,1
4228,1
4229,0
4230,0
4231,1
4232,0
4233,1
4234,1
4235,1
4236,1
4237,1
4238,0
4239,1
4240,1
4241,0
4242,1
4243,1
4244,1
4245,1
4246,1
4247,0
4248,0
4249,0
4250,1
4251,1
4252,0
4253,1
4254,1
4255,0
4256,1
4257,1
4258,1
4259,1
4260,0
4261,0
4262,0
4263,0
4264,1
4265,1
4266,0
4267,0
4268,1
4269,1
4270,0
4271,1
4272,1
4273,1
4274,1
4275,1
4276,1
4277,0
4278,1
4279,0
4280,0
4281,1
4282,0
4283,1
4284,1
4285,0
4286,1
4287,0
4288,1
4289,1
4290,0
4291,0
4292,1
4293,0
4294,1
4295,0
4296,1
4297,1
4298,1
4299,0
4300,1
4301,0
4302,1
4303,1
4304,0
4305,0
4306,1
4307,0
4308,0
4309,1
4310,0
4311,0
4312,0
4313,1
4314,0
4315,1
4316,0
4317,0
4318,0
4319,0
4320,0
4321,0
4322,0
4323,1
4324,1
4325,1
4326,1
4327,1
4328,1
4329,1
4330,0
4331,1
4332,1
4333,1
4334,1
4335,0
4336,1
4337,1
4338,0
4339,0
4340,1
4341,1
4342,1
4343,1
4344,1
4345,0
4346,1
4347,0
4348,0
4349,0
4350,1
4351,1
4352,1
4353,1
4354,0
4355,0
4356,0
4357,1
4358,1
4359,1
4360,0
4361,1
4362,1
4363,1
4364,1
4365,0
4366,1
4367,1
4368,1
4369,1
4370,1
4371,0
4372,1
4373,1
4374,0
4375,0
4376,1
4377,1
4378,1
4379,1
4380,1
4381,0
4382,1
4383,1
4384,0
4385,0
4386,1
4387,1
4388,0
4389,0
4390,0
4391,0
4392,1
4393,1
4394,1
4395,0
4396,0
4397,0
4398,0
4399,0
4400,1
4401,1
4402,1
4403,0
4404,1
4405,0
4406,1
4407,0
4408,1
4409,1
4410,0
4411,1
4412,1
4413,1
4414,1
4415,1
4416,1
4417,0
4418,1
4419,0
4420,0
4421,1
4422,1
4423,0
4424,1
4425,0
4426,0
4427,1
4428,0
4429,1
4430,1
4431,0
4432,1
4433,0
4434,1
4435,0
4436,1
4437,1
4438,1
4439,0
4440,1
4441,0
4442,0
4443,1
4444,0
4445,0
4446,1
4447,1
4448,1
4449,1
4450,1
4451,1
4452,1
4453,1
4454,1
4455,1
4456,0
4457,1
4458,0
4459,1
4460,0
4461,0
4462,1
4463,0
4464,0
4465,0
4466,0
4467,1
4468,0
4469,0
4470,0
4471,1
4472,1
4473,1
4474,1
4475,0
4476,0
4477,0
4478,1
4479,1
4480,1
4481,0
4482,0
4483,0
4484,0
4485,1
4486,0
4487,0
4488,0
4489,1
4490,0
4491,1
4492,0
4493,1
4494,1
4495,0
4496,0
4497,1
4498,0
4499,1
4500,1
4501,1
4502,1
4503,0
4504,0
4505,1
4506,1
4507,1
4508,1
4509,1
4510,1
4511,1
4512,1
4513,0
4514,0
4515,0
4516,0
4517,1
4518,1
4519,0
4520,1
4521,0
4522,0
4523,1
4524,1
4525,0
4526,1
4527,1
4528,1
4529,1
4530,1
4531,1
4532,1
4533,0
4534,1
4535,0
4536,1
4537,1
4538,0
4539,1
4540,1
4541,0
4542,1
4543,0
4544,1
4545,1
4546,1
4547,1
4548,1
4549,0
4550,0
4551,0
4552,1
4553,1
4554,1
4555,0
4556,1
4557,1
4558,1
4559,1
4560,1
4561,0
4562,1
4563,1
4564,0
4565,1
4566,0
4567,1
4568,0
4569,1
4570,1
4571,1
4572,0
4573,1
4574,1
4575,0
4576,0
4577,1
4578,1
4579,0
4580,1
4581,0
4582,0
4583,1
4584,0
4585,0
4586,0
4587,0
4588,0
4589,1
4590,0
4591,0
4592,1
4593,0
4594,0
4595,1
4596,1
4597,0
4598,1
4599,0
4600,1
4601,0
4602,1
4603,0
4604,1
4605,0
4606,0
4607,0
4608,0
4609,0
4610,0
4611,1
4612,1
4613,0
4614,1
4615,0
4616,1
4617,0
4618,0
4619,1
4620,0
4621,0
4622,1
4623,1
4624,1
4625,1
4626,1
4627,1
4628,0
4629,0
4630,1
4631,0
4632,0
4633,1
4634,1
4635,1
4636,0
4637,0
4638,1
4639,1
4640,1
4641,1
4642,0
4643,0
4644,1
4645,0
4646,0
4647,0
4648,0
4649,0
4650,1
4651,0
4652,0
4653,0
4654,0
4655,0
4656,1
4657,0
4658,0
4659,0
4660,1
4661,0
4662,1
4663,1
4664,1
4665,0
4666,0
4667,0
4668,1
4669,0
4670,1
4671,1
4672,1
4673,0
4674,0
4675,1
4676,1
4677,1
4678,0
4679,0
4680,0
4681,0
4682,0
4683,0
4684,1
4685,1
4686,1
4687,0
4688,1
4689,0
4690,0
4691,0
4692,0
4693,1
4694,1
4695,1
4696,1
4697,1
4698,1
4699,1
4700,1
4701,0
4702,0
4703,0
4704,1
4705,1
4706,1
4707,1
4708,0
4709,1
4710,1
4711,1
4712,1
4713,1
4714,1
4715,1
4716,1
4717,0
4718,1
4719,0
4720,1
4721,1
4722,0
4723,1
4724,0
4725,0
4726,0
4727,1
4728,1
4729,1
4730,0
4731,1
4732,1
4733,0
4734,1
4735,1
4736,1
4737,1
4738,1
4739,1
4740,1
4741,1
4742,0
4743,0
4744,0
4745,1
4746,1
4747,1
4748,1
4749,1
4750,0
4751,1
4752,1
4753,1
4754,1
4755,0
4756,1
4757,1
4758,1
4759,0
4760,1
4761,0
4762,1
4763,0
4764,1
4765,0
4766,1
4767,0
4768,0
4769,1
4770,1
4771,1
4772,0
4773,0
4774,0
4775,1
4776,1
4777,1
4778,1
4779,1
4780,0
4781,1
4782,1
4783,1
4784,0
4785,1
4786,0
4787,1
4788,1
4789,0
4790,0
4791,0
4792,1
4793,1
4794,1
4795,1
4796,1
4797,0
4798,0
4799,0
4800,1
4801,1
4802,0
4803,0
4804,1
4805,1
4806,1
4807,1
4808,0
4809,0
4810,1
4811,1
4812,0
4813,1
4814,1
4815,1
4816,0
4817,1
4818,1
4819,1
4820,1
4821,1
4822,0
4823,0
4824,1
4825,1
4826,1
4827,0
4828,0
4829,1
4830,0
4831,1
4832,1
4833,0
4834,1
4835,0
4836,1
4837,0
4838,1
4839,0
4840,0
4841,1
4842,1
4843,1
4844,1
4845,1
4846,0
4847,0
4848,1
4849,1
4850,0
4851,1
4852,1
4853,0
4854,1
4855,0
4856,1
4857,0
4858,1
4859,1
4860,0
4861,1
4862,1
4863,1
4864,0
4865,0
4866,0
4867,1
4868,1
4869,1
4870,0
4871,1
4872,0
4873,0
4874,1
4875,0
4876,0
4877,1
4878,1
4879,1
4880,1
4881,1
4882,0
4883,1
4884,0
4885,1
4886,1
4887,0
4888,1
4889,0
4890,1
4891,0
4892,1
4893,1
4894,1
4895,1
4896,0
4897,0
4898,1
4899,1
4900,1
4901,0
4902,1
4903,0
4904,1
4905,1
4906,1
4907,0
4908,1
4909,0
4910,1
4911,1
4912,0
4913,0
4914,1
4915,1
4916,0
4917,0
4918,1
4919,1
4920,1
4921,1
4922,1
4923,1
4924,0
4925,0
4926,0
4927,0
4928,1
4929,1
4930,1
4931,0
4932,0
4933,1
4934,0
4935,1
4936,0
4937,0
4938,1
4939,1
4940,0
4941,1
4942,0
4943,1
4944,1
4945,1
4946,0
4947,0
4948,0
4949,1
4950,1
4951,0
4952,0
4953,0
4954,0
4955,0
4956,0
4957,1
4958,1
4959,1
4960,0
4961,1
4962,1
4963,0
4964,1
4965,0
4966,1
4967,0
4968,0
4969,0
4970,1
4971,1
4972,0
4973,0
4974,0
4975,0
4976,1
4977,1
4978,0
4979,1
4980,1
4981,1
4982,0
4983,1
4984,0
4985,0
4986,1
4987,0
4988,0
4989,1
4990,0
4991,0
4992,0
4993,1
4994,1
4995,0
4996,1
4997,1
4998,1
4999,0
5000,0
5001,1
5002,1
5003,1
5004,1
5005,1
5006,0
5007,1
5008,1
5009,1
5010,0
5011,0
5012,1
5013,1
5014,0
5015,0
5016,1
5017,1
5018,1
5019,1
5020,1
5021,1
5022,1
5023,1
5024,0
5025,1
5026,0
5027,0
5028,1
5029,1
5030,1
5031,0
5032,0
5033,1
5034,0
5035,0
5036,0
5037,0
5038,0
5039,0
5040,0
5041,0
5042,0
5043,1
5044,0
5045,1
5046,0
5047,0
5048,1
5049,1
5050,1
5051,0
5052,1
5053,0
5054,0
5055,1
5056,1
5057,1
5058,0
5059,0
5060,1
5061,1
5062,1
5063,1
5064,1
5065,1
5066,1
5067,1
5068,1
5069,1
5070,0
5071,1
5072,1
5073,1
5074,0
5075,1
5076,1
5077,1
5078,0
5079,0
5080,1
5081,0
5082,1
5083,1
5084,1
5085,0
5086,1
5087,0
5088,1
5089,1
5090,1
5091,0
5092,0
5093,1
5094,1
5095,1
5096,1
5097,1
5098,0
5099,1
5100,0
5101,1
5102,1
5103,1
5104,1
5105,0
5106,1
5107,1
5108,1
5109,0
5110,0
5111,0
5112,0
5113,1
5114,1
5115,1
5116,1
5117,0
5118,0
5119,0
5120,0
5121,1
5122,0
5123,0
5124,0
5125,1
5126,0
5127,0
5128,0
5129,1
5130,1
5131,1
5132,1
5133,0
5134,0
5135,1
5136,0
5137,1
5138,1
5139,1
5140,1
5141,1
5142,1
5143,1
5144,0
5145,1
5146,1
5147,1
5148,1
5149,1
5150,1
5151,1
5152,0
5153,1
5154,1
5155,1
5156,1
5157,1
5158,1
5159,0
5160,1
5161,1
5162,0
5163,0
5164,0
5165,1
5166,1
5167,0
5168,0
5169,0
5170,0
5171,1
5172,1
5173,1
5174,1
5175,1
5176,0
5177,0
5178,1
5179,1
5180,0
5181,1
5182,1
5183,0
5184,1
5185,1
5186,0
5187,1
5188,1
5189,1
5190,1
5191,1
5192,0
5193,1
5194,0
5195,1
5196,0
5197,0
5198,1
5199,1
5200,0
5201,1
5202,1
5203,1
5204,1
5205,0
5206,1
5207,0
5208,1
5209,0
5210,0
5211,1
5212,1
5213,0
5214,1
5215,1
5216,0
5217,1
5218,1
5219,0
5220,0
5221,1
5222,0
5223,1
5224,0
5225,1
5226,0
5227,0
5228,0
5229,1
5230,1
5231,1
5232,0
5233,0
5234,0
5235,1
5236,0
5237,1
5238,0
5239,0
5240,0
5241,0
5242,1
5243,0
5244,1
5245,0
5246,1
5247,0
5248,0
5249,1
5250,0
5251,1
5252,1
5253,1
5254,1
5255,1
5256,1
5257,0
5258,1
5259,1
5260,0
5261,0
5262,0
5263,1
5264,0
5265,1
5266,1
5267,1
5268,1
5269,1
5270,0
5271,1
5272,1
5273,1
5274,0
5275,1
5276,1
5277,1
5278,1
5279,0
5280,0
5281,0
5282,1
5283,1
5284,1
5285,0
5286,1
5287,1
5288,1
5289,1
5290,0
5291,1
5292,0
5293,0
5294,0
5295,1
5296,0
5297,1
5298,0
5299,1
5300,1
5301,1
5302,0
5303,0
5304,1
5305,1
5306,1
5307,0
5308,0
5309,1
5310,1
5311,0
5312,1
5313,0
5314,0
5315,0
5316,1
5317,0
5318,0
5319,1
5320,1
5321,0
5322,1
5323,0
5324,0
5325,0
5326,1
5327,0
5328,0
5329,0
5330,0
5331,1
5332,0
5333,0
5334,0
5335,0
5336,1
5337,1
5338,0
5339,1
5340,0
5341,1
5342,1
5343,1
5344,0
5345,0
5346,1
5347,0
5348,0
5349,1
5350,1
5351,0
5352,0
5353,1
5354,1
5355,0
5356,1
5357,0
5358,0
5359,1
5360,0
5361,0
5362,0
5363,0
5364,1
5365,0
5366,1
5367,1
5368,1
5369,0
5370,0
5371,0
5372,1
5373,1
5374,1
5375,1
5376,1
5377,1
5378,0
5379,0
5380,1
5381,1
5382,1
5383,1
5384,0
5385,1
5386,0
5387,1
5388,1
5389,1
5390,0
5391,1
5392,0
5393,1
5394,1
5395,1
5396,1
5397,1
5398,0
5399,0
5400,1
5401,1
5402,0
5403,0
5404,1
5405,0
5406,1
5407,1
5408,0
5409,0
5410,0
5411,0
5412,1
5413,1
5414,1
5415,1
5416,1
5417,0
5418,0
5419,1
5420,0
5421,1
5422,1
5423,1
5424,1
5425,1
5426,0
5427,1
5428,1
5429,1
5430,0
5431,0
5432,1
5433,1
5434,1
5435,0
5436,1
5437,1
5438,1
5439,1
5440,1
5441,1
5442,0
5443,0
5444,1
5445,1
5446,0
5447,1
5448,1
5449,1
5450,0
5451,0
5452,1
5453,1
5454,1
5455,1
5456,0
5457,1
5458,0
5459,1
5460,1
5461,0
5462,0
5463,1
5464,0
5465,1
5466,0
5467,1
5468,1
5469,1
5470,1
5471,1
5472,0
5473,1
5474,1
5475,0
5476,0
5477,0
5478,0
5479,1
5480,1
5481,1
5482,1
5483,0
5484,0
5485,1
5486,0
5487,1
5488,0
5489,0
5490,1
5491,1
5492,0
5493,0
5494,0
5495,1
5496,1
5497,0
5498,1
5499,0
5500,0
5501,0
5502,0
5503,0
5504,1
5505,1
5506,0
5507,1
5508,0
5509,0
5510,1
5511,0
5512,0
5513,1
5514,0
5515,0
5516,1
5517,1
5518,1
5519,1
5520,1
5521,0
5522,1
5523,1
5524,0
5525,0
5526,1
5527,1
5528,1
5529,0
5530,1
5531,1
5532,1
5533,1
5534,0
5535,1
5536,0
5537,0
5538,0
5539,1
5540,1
5541,1
5542,1
5543,0
5544,0
5545,0
5546,0
5547,0
5548,0
5549,1
5550,1
5551,1
5552,1
5553,0
5554,0
5555,1
5556,0
5557,1
5558,1
5559,0
5560,0
5561,1
5562,1
5563,0
5564,1
5565,1
5566,0
5567,1
5568,1
5569,1
5570,1
5571,1
5572,1
5573,1
5574,1
5575,0
5576,1
5577,0
5578,1
5579,1
5580,0
5581,0
5582,1
5583,1
5584,1
5585,1
5586,0
5587,0
5588,0
5589,1
5590,1
5591,0
5592,0
5593,0
5594,1
5595,0
5596,1
5597,0
5598,1
5599,1
5600,0
5601,1
5602,1
5603,1
5604,1
5605,0
5606,1
5607,0
5608,0
5609,1
5610,1
5611,1
5612,0
5613,1
5614,1
5615,1
5616,1
5617,0
5618,0
5619,1
5620,0
5621,0
5622,1
5623,1
5624,0
5625,0
5626,1
5627,1
5628,0
5629,1
5630,1
5631,1
5632,1
5633,0
5634,1
5635,0
5636,0
5637,0
5638,0
5639,0
5640,1
5641,0
5642,0
5643,0
5644,0
5645,1
5646,1
5647,1
5648,1
5649,0
5650,1
5651,0
5652,0
5653,1
5654,1
5655,1
5656,1
5657,0
5658,0
5659,0
5660,0
5661,1
5662,0
5663,0
5664,1
5665,1
5666,0
5667,0
5668,1
5669,1
5670,1
5671,1
5672,0
5673,0
5674,1
5675,0
5676,1
5677,1
5678,0
5679,1
5680,0
5681,0
5682,1
5683,1
5684,1
5685,0
5686,1
5687,0
5688,0
5689,1
5690,1
5691,0
5692,1
5693,1
5694,1
5695,1
5696,1
5697,0
5698,1
5699,0
5700,0
5701,0
5702,0
5703,0
5704,1
5705,0
5706,0
5707,1
5708,0
5709,0
5710,0
5711,1
5712,0
5713,1
5714,1
5715,0
5716,0
5717,0
5718,1
5719,1
5720,0
5721,0
5722,0
5723,0
5724,0
5725,0
5726,0
5727,0
5728,1
5729,1
5730,0
5731,1
5732,1
5733,1
5734,0
5735,1
5736,1
5737,0
5738,1
5739,1
5740,1
5741,1
5742,1
5743,0
5744,1
5745,1
5746,0
5747,1
5748,0
5749,1
5750,1
5751,1
5752,0
5753,1
5754,1
5755,1
5756,0
5757,1
5758,1
5759,0
5760,0
5761,1
5762,0
5763,1
5764,1
5765,0
5766,0
5767,1
5768,0
5769,1
5770,0
5771,1
5772,1
5773,1
5774,0
5775,1
5776,0
5777,1
5778,1
5779,1
5780,1
5781,1
5782,1
5783,1
5784,1
5785,1
5786,0
5787,1
5788,1
5789,1
5790,0
5791,1
5792,0
5793,0
5794,0
5795,1
5796,1
5797,1
5798,1
5799,1
5800,1
5801,1
5802,0
5803,0
5804,1
5805,0
5806,0
5807,0
5808,1
5809,1
5810,0
5811,1
5812,0
5813,0
5814,1
5815,0
5816,0
5817,0
5818,0
5819,1
5820,1
5821,1
5822,0
5823,0
5824,1
5825,0
5826,0
5827,1
5828,1
5829,0
5830,0
5831,0
5832,0
5833,1
5834,1
5835,1
5836,1
5837,0
5838,0
5839,0
5840,0
5841,1
5842,0
5843,1
5844,0
5845,1
5846,0
5847,0
5848,1
5849,0
5850,1
5851,0
5852,1
5853,0
5854,0
5855,1
5856,1
5857,0
5858,0
5859,1
5860,0
5861,0
5862,1
5863,1
5864,0
5865,1
5866,1
5867,0
5868,1
5869,1
5870,0
5871,1
5872,1
5873,1
5874,1
5875,1
5876,1
5877,1
5878,1
5879,1
5880,1
5881,1
5882,1
5883,1
5884,1
5885,1
5886,1
5887,0
5888,1
5889,1
5890,0
5891,0
5892,0
5893,1
5894,0
5895,1
5896,1
5897,1
5898,0
5899,1
5900,0
5901,1
5902,1
5903,0
5904,0
5905,0
5906,0
5907,0
5908,1
5909,0
5910,1
5911,1
5912,0
5913,1
5914,1
5915,1
5916,0
5917,0
5918,0
5919,1
5920,1
5921,1
5922,1
5923,1
5924,0
5925,1
5926,1
5927,0
5928,1
5929,1
5930,0
5931,1
5932,1
5933,0
5934,1
5935,0
5936,1
5937,0
5938,0
5939,1
5940,1
5941,1
5942,0
5943,0
5944,0
5945,1
5946,1
5947,1
5948,1
5949,0
5950,0
5951,1
5952,1
5953,0
5954,0
5955,0
5956,0
5957,0
5958,1
5959,1
5960,1
5961,0
5962,1
5963,1
5964,0
5965,1
5966,0
5967,0
5968,1
5969,1
5970,0
5971,0
5972,1
5973,1
5974,0
5975,1
5976,1
5977,1
5978,1
5979,0
5980,0
5981,0
5982,0
5983,1
5984,0
5985,0
5986,1
5987,1
5988,1
5989,1
5990,0
5991,0
5992,1
5993,0
5994,1
5995,1
5996,0
5997,1
5998,0
5999,0
6000,1
6001,0
6002,0
6003,0
6004,0
6005,1
6006,1
6007,0
6008,1
6009,1
6010,0
6011,1
6012,1
6013,1
6014,0
6015,0
6016,0
6017,1
6018,1
6019,0
6020,1
6021,0
6022,0
6023,0
6024,0
6025,1
6026,0
6027,1
6028,1
6029,1
6030,1
6031,0
6032,1
6033,1
6034,0
6035,0
6036,0
6037,0
6038,1
6039,1
6040,0
6041,0
6042,0
6043,1
6044,1
6045,0
6046,0
6047,0
6048,0
6049,1
6050,1
6051,1
6052,1
6053,0
6054,1
6055,1
6056,1
6057,1
6058,1
6059,1
6060,0
6061,0
6062,0
6063,0
6064,1
6065,1
6066,1
6067,0
6068,0
6069,0
6070,1
6071,1
6072,1
6073,1
6074,1
6075,0
6076,1
6077,0
6078,0
6079,1
6080,1
6081,0
6082,0
6083,1
6084,0
6085,0
6086,0
6087,1
6088,1
6089,1
6090,1
6091,1
6092,0
6093,0
6094,0
6095,1
6096,1
6097,1
6098,0
6099,1
6100,0
6101,1
6102,1
6103,0
6104,1
6105,1
6106,1
6107,0
6108,1
6109,0
6110,1
6111,0
6112,0
6113,0
6114,0
6115,0
6116,0
6117,0
6118,1
6119,1
6120,1
6121,0
6122,1
6123,0
6124,1
6125,1
6126,1
6127,1
6128,1
6129,0
6130,1
6131,0
6132,1
6133,0
6134,0
6135,1
6136,0
6137,1
6138,0
6139,1
6140,0
6141,1
6142,0
6143,1
6144,1
6145,0
6146,1
6147,0
6148,1
6149,1
6150,1
6151,1
6152,1
6153,1
6154,1
6155,0
6156,1
6157,0
6158,1
6159,0
6160,0
6161,1
6162,1
6163,1
6164,1
6165,1
6166,1
6167,1
6168,1
6169,1
6170,1
6171,0
6172,1
6173,0
6174,0
6175,0
6176,1
6177,1
6178,1
6179,0
6180,1
6181,1
6182,0
6183,0
6184,1
6185,0
6186,1
6187,1
6188,1
6189,1
6190,1
6191,1
6192,1
6193,1
6194,1
6195,1
6196,1
6197,0
6198,0
6199,1
6200,1
6201,1
6202,0
6203,1
6204,1
6205,0
6206,1
6207,1
6208,0
6209,0
6210,1
6211,0
6212,1
6213,1
6214,0
6215,0
6216,1
6217,1
6218,1
6219,0
6220,1
6221,0
6222,0
6223,1
6224,1
6225,1
6226,1
6227,0
6228,0
6229,1
6230,1
6231,1
6232,1
6233,0
6234,1
6235,1
6236,0
6237,0
6238,1
6239,1
6240,1
6241,1
6242,0
6243,1
6244,1
6245,0
6246,1
6247,1
6248,0
6249,1
6250,0
6251,0
6252,1
6253,0
6254,1
6255,1
6256,1
6257,0
6258,0
6259,1
6260,0
6261,1
6262,0
6263,0
6264,1
6265,1
6266,1
6267,1
6268,1
6269,0
6270,0
6271,1
6272,0
6273,1
6274,1
6275,1
6276,1
6277,1
6278,0
6279,1
6280,1
6281,1
6282,1
6283,0
6284,1
6285,0
6286,1
6287,1
6288,1
6289,1
6290,0
6291,1
6292,1
6293,1
6294,1
6295,1
6296,0
6297,0
6298,1
6299,0
6300,1
6301,1
6302,1
6303,0
6304,1
6305,1
6306,1
6307,1
6308,1
6309,1
6310,0
6311,0
6312,1
6313,0
6314,0
6315,1
6316,1
6317,0
6318,0
6319,0
6320,1
6321,0
6322,0
6323,1
6324,0
6325,0
6326,0
6327,0
6328,1
6329,1
6330,0
6331,0
6332,0
6333,0
6334,0
6335,0
6336,1
6337,0
6338,0
6339,1
6340,0
6341,1
6342,1
6343,0
6344,0
6345,0
6346,1
6347,0
6348,0
6349,0
6350,1
6351,1
6352,0
6353,1
6354,0
6355,0
6356,1
6357,0
6358,0
6359,0
6360,0
6361,0
6362,1
6363,0
6364,1
6365,1
6366,1
6367,0
6368,0
6369,0
6370,0
6371,1
6372,1
6373,1
6374,0
6375,0
6376,1
6377,1
6378,0
6379,0
6380,0
6381,0
6382,0
6383,0
6384,0
6385,1
6386,0
6387,0
6388,1
6389,1
6390,1
6391,0
6392,0
6393,1
6394,1
6395,1
6396,1
6397,1
6398,1
6399,0
6400,0
6401,1
6402,1
6403,1
6404,0
6405,1
6406,0
6407,0
6408,0
6409,1
6410,0
6411,1
6412,0
6413,0
6414,1
6415,0
6416,1
6417,0
6418,0
6419,1
6420,1
6421,1
6422,1
6423,0
6424,0
6425,1
6426,1
6427,1
6428,0
6429,1
6430,1
6431,1
6432,1
6433,1
6434,1
6435,1
6436,1
6437,1
6438,1
6439,0
6440,0
6441,1
6442,1
6443,0
6444,0
6445,0
6446,0
6447,1
6448,0
6449,0
6450,0
6451,0
6452,1
6453,0
6454,1
6455,1
6456,1
6457,0
6458,0
6459,0
6460,1
6461,1
6462,1
6463,1
6464,1
6465,1
6466,0
6467,1
6468,1
6469,1
6470,0
6471,1
6472,0
6473,1
6474,0
6475,0
6476,0
6477,1
6478,1
6479,1
6480,1
6481,1
6482,1
6483,1
6484,1
6485,1
6486,1
6487,1
6488,1
6489,1
6490,0
6491,0
6492,0
6493,1
6494,1
6495,1
6496,1
6497,0
6498,0
6499,0
6500,1
6501,0
6502,1
6503,0
6504,1
6505,1
6506,0
6507,1
6508,1
6509,0
6510,0
6511,0
6512,1
6513,1
6514,1
6515,1
6516,0
6517,0
6518,0
6519,0
6520,0
6521,1
6522,0
6523,0
6524,1
6525,0
6526,1
6527,1
6528,0
6529,1
6530,1
6531,1
6532,1
6533,1
6534,1
6535,1
6536,0
6537,0
6538,0
6539,1
6540,0
6541,1
6542,0
6543,1
6544,0
6545,1
6546,0
6547,0
6548,1
6549,1
6550,1
6551,0
6552,0
6553,0
6554,0
6555,0
6556,0
6557,0
6558,1
6559,1
6560,1
6561,1
6562,0
6563,1
6564,0
6565,0
6566,0
6567,0
6568,1
6569,1
6570,1
6571,0
6572,0
6573,0
6574,1
6575,0
6576,0
6577,1
6578,0
6579,0
6580,1
6581,1
6582,1
6583,1
6584,1
6585,0
6586,0
6587,0
6588,1
6589,0
6590,0
6591,1
6592,1
6593,1
6594,1
6595,0
6596,1
6597,1
6598,0
6599,0
6600,1
6601,0
6602,0
6603,0
6604,0
6605,0
6606,0
6607,1
6608,1
6609,1
6610,0
6611,0
6612,1
6613,1
6614,1
6615,1
6616,1
6617,0
6618,0
6619,0
6620,1
6621,1
6622,1
6623,1
6624,0
6625,1
6626,1
6627,0
6628,1
6629,1
6630,1
6631,1
6632,1
6633,0
6634,1
6635,1
6636,1
6637,1
6638,1
6639,0
6640,0
6641,1
6642,1
6643,0
6644,1
6645,0
6646,1
6647,1
6648,0
6649,0
6650,0
6651,0
6652,1
6653,1
6654,0
6655,1
6656,1
6657,1
6658,0
6659,1
6660,1
6661,1
6662,0
6663,1
6664,0
6665,1
6666,0
6667,1
6668,1
6669,1
6670,1
6671,0
6672,0
6673,1
6674,1
6675,0
6676,1
6677,0
6678,0
6679,1
6680,0
6681,1
6682,1
6683,1
6684,0
6685,0
6686,0
6687,1
6688,0
6689,1
6690,0
6691,0
6692,0
6693,0
6694,0
6695,0
6696,0
6697,1
6698,0
6699,1
6700,0
6701,1
6702,0
6703,1
6704,1
6705,1
6706,1
6707,0
6708,0
6709,1
6710,0
6711,0
6712,1
6713,1
6714,0
6715,1
6716,1
6717,1
6718,0
6719,0
6720,0
6721,0
6722,0
6723,1
6724,0
6725,0
6726,0
6727,1
6728,1
6729,1
6730,0
6731,1
6732,0
6733,1
6734,0
6735,1
6736,0
6737,1
6738,0
6739,1
6740,0
6741,1
6742,0
6743,1
6744,1
6745,0
6746,1
6747,0
6748,1
6749,0
6750,0
6751,1
6752,0
6753,0
6754,1
6755,1
6756,1
6757,0
6758,0
6759,1
6760,1
6761,0
6762,0
6763,1
6764,1
6765,0
6766,1
6767,0
6768,1
6769,1
6770,0
6771,1
6772,1
6773,1
6774,0
6775,1
6776,1
6777,1
6778,0
6779,1
6780,0
6781,0
6782,0
6783,0
6784,1
6785,1
6786,0
6787,1
6788,1
6789,1
6790,1
6791,0
6792,1
6793,0
6794,1
6795,1
6796,1
6797,0
6798,0
6799,1
6800,0
6801,0
6802,1
6803,1
6804,1
6805,1
6806,0
6807,0
6808,0
6809,0
6810,0
6811,1
6812,1
6813,0
6814,0
6815,0
6816,0
6817,0
6818,0
6819,0
6820,1
6821,0
6822,1
6823,1
6824,1
6825,1
6826,0
6827,1
6828,0
6829,1
6830,0
6831,0
6832,0
6833,1
6834,1
6835,0
6836,1
6837,1
6838,0
6839,0
6840,1
6841,1
6842,1
6843,1
6844,0
6845,1
6846,0
6847,1
6848,0
6849,1
6850,1
6851,1
6852,0
6853,1
6854,1
6855,1
6856,0
6857,1
6858,1
6859,1
6860,1
6861,1
6862,0
6863,0
6864,1
6865,1
6866,0
6867,0
6868,1
6869,0
6870,0
6871,1
6872,0
6873,0
6874,0
6875,1
6876,1
6877,1
6878,1
6879,0
6880,1
6881,0
6882,1
6883,1
6884,0
6885,0
6886,0
6887,1
6888,1
6889,0
6890,1
6891,0
6892,1
6893,1
6894,0
6895,0
6896,1
6897,1
6898,0
6899,0
6900,1
6901,0
6902,1
6903,1
6904,1
6905,0
6906,1
6907,0
6908,1
6909,1
6910,1
6911,1
6912,1
6913,1
6914,0
6915,1
6916,1
6917,0
6918,1
6919,0
6920,0
6921,1
6922,1
6923,0
6924,1
6925,1
6926,1
6927,1
6928,1
6929,1
6930,1
6931,0
6932,0
6933,1
6934,1
6935,1
6936,1
6937,0
6938,0
6939,0
6940,1
6941,1
6942,1
6943,1
6944,1
6945,1
6946,1
6947,1
6948,1
6949,1
6950,1
6951,1
6952,0
6953,1
6954,0
6955,0
6956,1
6957,1
6958,1
6959,1
6960,0
6961,0
6962,1
6963,1
6964,0
6965,1
6966,0
6967,1
6968,0
6969,1
6970,0
6971,0
6972,1
6973,0
6974,0
6975,0
6976,1
6977,0
6978,1
6979,1
6980,0
6981,0
6982,1
6983,0
6984,0
6985,0
6986,0
6987,0
6988,0
6989,1
6990,1
6991,1
6992,0
6993,0
6994,1
6995,0
6996,1
6997,0
6998,0
6999,1
7000,1
7001,1
7002,1
7003,1
7004,1
7005,0
7006,0
7007,0
7008,0
7009,0
7010,1
7011,1
7012,1
7013,0
7014,1
7015,1
7016,0
7017,0
7018,0
7019,0
7020,0
7021,1
7022,1
7023,1
7024,0
7025,1
7026,1
7027,1
7028,1
7029,1
7030,1
7031,0
7032,0
7033,0
7034,0
7035,1
7036,1
7037,1
7038,0
7039,1
7040,1
7041,1
7042,1
7043,1
7044,1
7045,1
7046,1
7047,0
7048,0
7049,0
7050,1
7051,1
7052,0
7053,1
7054,0
7055,1
7056,0
7057,1
7058,1
7059,1
7060,0
7061,1
7062,0
7063,1
7064,1
7065,1
7066,1
7067,0
7068,1
7069,1
7070,0
7071,0
7072,0
7073,1
7074,1
7075,1
7076,1
7077,1
7078,1
7079,1
7080,0
7081,0
7082,0
7083,1
7084,0
7085,1
7086,0
7087,1
7088,1
7089,1
7090,1
7091,1
7092,1
7093,0
7094,1
7095,0
7096,1
7097,0
7098,1
7099,1
7100,0
7101,1
7102,0
7103,0
7104,0
7105,1
7106,1
7107,1
7108,0
7109,0
7110,1
7111,1
7112,0
7113,1
7114,0
7115,1
7116,0
7117,1
7118,1
7119,0
7120,0
7121,0
7122,0
7123,1
7124,1
7125,1
7126,1
7127,1
7128,1
7129,0
7130,1
7131,0
7132,0
7133,1
7134,0
7135,0
7136,0
7137,1
7138,1
7139,0
7140,0
7141,1
7142,1
7143,1
7144,1
7145,1
7146,1
7147,0
7148,1
7149,0
7150,1
7151,0
7152,0
7153,0
7154,1
7155,1
7156,1
7157,1
7158,1
7159,1
7160,0
7161,1
7162,1
7163,0
7164,0
7165,0
7166,1
7167,1
7168,1
7169,0
7170,0
7171,0
7172,0
7173,0
7174,0
7175,0
7176,0
7177,1
7178,0
7179,0
7180,1
7181,1
7182,1
7183,1
7184,0
7185,0
7186,0
7187,1
7188,1
7189,1
7190,1
7191,1
7192,1
7193,0
7194,0
7195,0
7196,0
7197,1
7198,1
7199,1
7200,1
7201,1
7202,0
7203,1
7204,1
7205,1
7206,1
7207,1
7208,0
7209,1
7210,0
7211,0
7212,0
7213,1
7214,1
7215,0
7216,1
7217,1
7218,1
7219,0
7220,0
7221,0
7222,1
7223,1
7224,1
7225,1
7226,1
7227,1
7228,1
7229,0
7230,0
7231,1
7232,1
7233,0
7234,0
7235,1
7236,1
7237,0
7238,0
7239,0
7240,1
7241,1
7242,1
7243,1
7244,1
7245,1
7246,0
7247,1
7248,0
7249,1
7250,0
7251,1
7252,0
7253,0
7254,1
7255,1
7256,1
7257,1
7258,1
7259,1
7260,0
7261,0
7262,0
7263,1
7264,1
7265,0
7266,1
7267,0
7268,0
7269,1
7270,1
7271,1
7272,1
7273,0
7274,1
7275,0
7276,1
7277,0
7278,1
7279,1
7280,0
7281,0
7282,1
7283,0
7284,0
7285,0
7286,1
7287,1
7288,0
7289,0
7290,1
7291,1
7292,0
7293,1
7294,1
7295,0
7296,1
7297,1
7298,1
7299,1
7300,1
7301,0
7302,1
7303,1
7304,0
7305,0
7306,1
7307,1
7308,0
7309,0
7310,1
7311,0
7312,1
7313,0
7314,1
7315,0
7316,1
7317,1
7318,1
7319,0
7320,1
7321,0
7322,0
7323,1
7324,0
7325,1
7326,0
7327,1
7328,0
7329,0
7330,0
7331,0
7332,1
7333,1
7334,0
7335,1
7336,1
7337,1
7338,1
7339,1
7340,1
7341,0
7342,1
7343,0
7344,0
7345,0
7346,0
7347,1
7348,0
7349,0
7350,0
7351,1
7352,1
7353,1
7354,1
7355,1
7356,1
7357,0
7358,0
7359,0
7360,0
7361,1
7362,1
7363,1
7364,1
7365,0
7366,0
7367,1
7368,0
7369,1
7370,1
7371,0
7372,1
7373,1
7374,0
7375,1
7376,1
7377,1
7378,0
7379,0
7380,1
7381,1
7382,1
7383,1
7384,1
7385,1
7386,0
7387,1
7388,1
7389,0
7390,0
7391,1
7392,0
7393,1
7394,1
7395,0
7396,0
7397,1
7398,0
7399,1
7400,0
7401,0
7402,1
7403,1
7404,0
7405,1
7406,0
7407,0
7408,0
7409,1
7410,1
7411,1
7412,1
7413,1
7414,0
7415,1
7416,1
7417,1
7418,0
7419,0
7420,1
7421,1
7422,0
7423,0
7424,1
7425,1
7426,1
7427,0
7428,1
7429,0
7430,0
7431,1
7432,0
7433,1
7434,1
7435,1
7436,1
7437,1
7438,1
7439,0
7440,1
7441,1
7442,0
7443,1
7444,0
7445,0
7446,1
7447,0
7448,0
7449,0
7450,0
7451,1
7452,1
7453,1
7454,1
7455,1
7456,1
7457,1
7458,0
7459,0
7460,1
7461,1
7462,1
7463,0
7464,0
7465,1
7466,0
7467,1
7468,0
7469,0
7470,1
7471,1
7472,1
7473,1
7474,1
7475,1
7476,1
7477,1
7478,0
7479,1
7480,1
7481,1
7482,1
7483,0
7484,0
7485,1
7486,1
7487,1
7488,1
7489,1
7490,1
7491,0
7492,0
7493,1
7494,1
7495,1
7496,0
7497,0
7498,0
7499,1
7500,1
7501,0
7502,0
7503,1
7504,1
7505,0
7506,1
7507,1
7508,1
7509,1
7510,0
7511,1
7512,1
7513,1
7514,0
7515,1
7516,1
7517,1
7518,1
7519,0
7520,0
7521,0
7522,1
7523,0
7524,1
7525,0
7526,0
7527,0
7528,0
7529,0
7530,0
7531,0
7532,0
7533,1
7534,1
7535,0
7536,1
7537,1
7538,0
7539,1
7540,0
7541,0
7542,0
7543,0
7544,1
7545,1
7546,1
7547,0
7548,0
7549,0
7550,1
7551,1
7552,1
7553,0
7554,0
7555,0
7556,1
7557,0
7558,1
7559,1
7560,1
7561,1
7562,0
7563,0
7564,0
7565,1
7566,0
7567,0
7568,1
7569,1
7570,0
7571,1
7572,1
7573,0
7574,1
7575,1
7576,1
7577,0
7578,1
7579,1
7580,1
7581,0
7582,1
7583,0
7584,1
7585,0
7586,1
7587,1
7588,1
7589,1
7590,0
7591,0
7592,1
7593,0
7594,0
7595,1
7596,0
7597,1
7598,1
7599,0
7600,0
7601,1
7602,0
7603,1
7604,0
7605,0
7606,1
7607,0
7608,1
7609,0
7610,0
7611,1
7612,0
7613,1
7614,1
7615,1
7616,1
7617,0
7618,1
7619,1
7620,1
7621,1
7622,0
7623,1
7624,0
7625,1
7626,0
7627,1
7628,1
7629,1
7630,0
7631,1
7632,1
7633,1
7634,1
7635,0
7636,1
7637,0
7638,0
7639,0
7640,1
7641,0
7642,1
7643,0
7644,0
7645,1
7646,1
7647,1
7648,0
7649,1
7650,1
7651,0
7652,1
7653,1
7654,1
7655,0
7656,1
7657,0
7658,0
7659,1
7660,0
7661,1
7662,1
7663,1
7664,0
7665,1
7666,1
7667,1
7668,1
7669,1
7670,1
7671,0
7672,0
7673,1
7674,1
7675,1
7676,0
7677,0
7678,0
7679,1
7680,1
7681,1
7682,0
7683,1
7684,0
7685,1
7686,0
7687,0
7688,1
7689,1
7690,1
7691,1
7692,0
7693,0
7694,0
7695,1
7696,1
7697,1
7698,1
7699,0
7700,0
7701,0
7702,0
7703,1
7704,1
7705,1
7706,0
7707,1
7708,1
7709,0
7710,1
7711,0
7712,0
7713,0
7714,1
7715,0
7716,0
7717,1
7718,0
7719,1
7720,1
7721,0
7722,0
7723,0
7724,0
7725,1
7726,0
7727,0
7728,1
7729,1
7730,1
7731,0
7732,0
7733,1
7734,1
7735,1
7736,0
7737,0
7738,0
7739,0
7740,1
7741,1
7742,1
7743,1
7744,0
7745,0
7746,0
7747,1
7748,1
7749,1
7750,0
7751,1
7752,1
7753,0
7754,1
7755,0
7756,1
7757,1
7758,1
7759,0
7760,0
7761,1
7762,0
7763,0
7764,1
7765,1
7766,1
7767,1
7768,0
7769,0
7770,1
7771,0
7772,0
7773,1
7774,1
7775,0
7776,0
7777,1
7778,0
7779,1
7780,0
7781,0
7782,0
7783,0
7784,0
7785,0
7786,1
7787,1
7788,1
7789,1
7790,0
7791,1
7792,1
7793,1
7794,0
7795,0
7796,0
7797,0
7798,0
7799,1
7800,1
7801,1
7802,0
7803,0
7804,1
7805,1
7806,1
7807,1
7808,1
7809,1
7810,1
7811,0
7812,1
7813,1
7814,1
7815,1
7816,1
7817,1
7818,1
7819,0
7820,0
7821,1
7822,1
7823,1
7824,1
7825,0
7826,1
7827,1
7828,0
7829,0
7830,1
7831,0
7832,0
7833,1
7834,1
7835,0
7836,1
7837,1
7838,0
7839,1
7840,1
7841,1
7842,1
7843,1
7844,1
7845,1
7846,0
7847,1
7848,0
7849,0
7850,0
7851,1
7852,0
7853,1
7854,0
7855,0
7856,1
7857,1
7858,1
7859,1
7860,1
7861,0
7862,1
7863,0
7864,0
7865,1
7866,1
7867,0
7868,0
7869,1
7870,0
7871,1
7872,1
7873,1
7874,1
7875,1
7876,1
7877,0
7878,0
7879,0
7880,1
7881,0
7882,1
7883,0
7884,1
7885,1
7886,0
7887,1
7888,0
7889,0
7890,0
7891,0
7892,1
7893,1
7894,1
7895,1
7896,1
7897,0
7898,1
7899,0
7900,1
7901,1
7902,0
7903,1
7904,0
7905,1
7906,1
7907,1
7908,1
7909,0
7910,1
7911,1
7912,0
7913,1
7914,1
7915,0
7916,1
7917,0
7918,0
7919,1
7920,1
7921,0
7922,1
7923,1
7924,1
7925,1
7926,0
7927,1
7928,0
7929,1
7930,0
7931,1
7932,1
7933,1
7934,0
7935,1
7936,0
7937,0
7938,1
7939,1
7940,0
7941,0
7942,1
7943,1
7944,1
7945,0
7946,0
7947,1
7948,0
7949,1
7950,0
7951,1
7952,1
7953,0
7954,1
7955,1
7956,1
7957,0
7958,0
7959,1
7960,1
7961,1
7962,1
7963,1
7964,1
7965,0
7966,1
7967,0
7968,0
7969,0
7970,1
7971,1
7972,1
7973,0
7974,1
7975,0
7976,0
7977,0
7978,1
7979,0
7980,1
7981,0
7982,1
7983,0
7984,1
7985,0
7986,0
7987,0
7988,0
7989,1
7990,0
7991,1
7992,1
7993,0
7994,1
7995,1
7996,0
7997,1
7998,1
7999,1
8000,1
8001,0
8002,0
8003,1
8004,0
8005,0
8006,1
8007,0
8008,1
8009,1
8010,1
8011,0
8012,1
8013,0
8014,0
8015,1
8016,1
8017,0
8018,1
8019,0
8020,1
8021,1
8022,0
8023,1
8024,0
8025,1
8026,0
8027,1
8028,1
8029,1
8030,0
8031,1
8032,0
8033,0
8034,0
8035,1
8036,1
8037,1
8038,0
8039,0
8040,1
8041,1
8042,0
8043,1
8044,0
8045,0
8046,0
8047,1
8048,1
8049,1
8050,1
8051,1
8052,0
8053,0
8054,1
8055,0
8056,0
8057,0
8058,1
8059,0
8060,0
8061,1
8062,0
8063,1
8064,0
8065,0
8066,0
8067,0
8068,1
8069,1
8070,0
8071,0
8072,0
8073,1
8074,1
8075,0
8076,1
8077,0
8078,0
8079,1
8080,0
8081,1
8082,1
8083,0
8084,1
8085,1
8086,1
8087,0
8088,0
8089,1
8090,1
8091,1
8092,1
8093,1
8094,0
8095,1
8096,1
8097,1
8098,1
8099,1
8100,0
8101,0
8102,0
8103,1
8104,1
8105,1
8106,1
8107,0
8108,1
8109,1
8110,1
8111,1
8112,0
8113,1
8114,1
8115,0
8116,0
8117,0
8118,0
8119,1
8120,1
8121,1
8122,0
8123,0
8124,1
8125,1
8126,0
8127,0
8128,1
8129,0
8130,0
8131,1
8132,1
8133,0
8134,1
8135,0
8136,0
8137,1
8138,1
8139,1
8140,1
8141,1
8142,0
8143,0
8144,1
8145,1
8146,1
8147,0
8148,1
8149,1
8150,1
8151,0
8152,0
8153,1
8154,1
8155,0
8156,0
8157,0
8158,0
8159,1
8160,0
8161,1
8162,1
8163,0
8164,0
8165,1
8166,0
8167,1
8168,0
8169,1
8170,0
8171,1
8172,0
8173,1
8174,1
8175,1
8176,1
8177,1
8178,0
8179,1
8180,1
8181,1
8182,1
8183,0
8184,1
8185,1
8186,1
8187,1
8188,0
8189,0
8190,0
8191,0
8192,1
8193,1
8194,1
8195,1
8196,0
8197,1
8198,1
8199,0
8200,0
8201,1
8202,1
8203,1
8204,1
8205,1
8206,1
8207,1
8208,1
8209,0
8210,0
8211,0
8212,1
8213,0
8214,1
8215,0
8216,1
8217,1
8218,1
8219,0
8220,0
8221,1
8222,1
8223,1
8224,0
8225,0
8226,1
8227,1
8228,1
8229,0
8230,1
8231,1
8232,1
8233,0
8234,0
8235,1
8236,0
8237,1
8238,1
8239,0
8240,1
8241,1
8242,0
8243,0
8244,1
8245,0
8246,1
8247,1
8248,1
8249,0
8250,0
8251,1
8252,0
8253,1
8254,1
8255,0
8256,1
8257,1
8258,1
8259,1
8260,1
8261,0
8262,1
8263,1
8264,1
8265,1
8266,1
8267,1
8268,1
8269,1
8270,1
8271,1
8272,1
8273,1
8274,1
8275,1
8276,0
8277,1
8278,0
8279,1
8280,0
8281,0
8282,0
8283,0
8284,0
8285,1
8286,1
8287,1
8288,1
8289,1
8290,1
8291,0
8292,0
8293,1
8294,1
8295,1
8296,1
8297,1
8298,1
8299,1
8300,0
8301,1
8302,1
8303,1
8304,1
8305,0
8306,1
8307,0
8308,1
8309,0
8310,1
8311,0
8312,1
8313,0
8314,1
8315,0
8316,0
8317,0
8318,1
8319,0
8320,1
8321,1
8322,0
8323,1
8324,0
8325,0
8326,1
8327,0
8328,1
8329,1
8330,1
8331,0
8332,1
8333,1
8334,1
8335,0
8336,1
8337,1
8338,0
8339,0
8340,0
8341,0
8342,1
8343,1
8344,0
8345,1
8346,0
8347,0
8348,0
8349,1
8350,1
8351,1
8352,1
8353,1
8354,0
8355,0
8356,1
8357,1
8358,1
8359,1
8360,1
8361,0
8362,1
8363,1
8364,1
8365,1
8366,1
8367,1
8368,1
8369,0
8370,0
8371,0
8372,1
8373,1
8374,1
8375,1
8376,0
8377,1
8378,0
8379,1
8380,1
8381,1
8382,0
8383,1
8384,0
8385,0
8386,0
8387,0
8388,0
8389,1
8390,1
8391,0
8392,1
8393,1
8394,0
8395,0
8396,0
8397,1
8398,1
8399,1
8400,0
8401,0
8402,0
8403,0
8404,0
8405,0
8406,1
8407,1
8408,0
8409,0
8410,0
8411,1
8412,1
8413,1
8414,1
8415,1
8416,0
8417,1
8418,1
8419,1
8420,1
8421,1
8422,1
8423,0
8424,0
8425,1
8426,0
8427,1
8428,1
8429,1
8430,1
8431,0
8432,1
8433,0
8434,0
8435,1
8436,1
8437,0
8438,1
8439,1
8440,1
8441,0
8442,0
8443,0
8444,1
8445,1
8446,0
8447,1
8448,1
8449,1
8450,1
8451,0
8452,1
8453,1
8454,1
8455,1
8456,1
8457,1
8458,0
8459,0
8460,0
8461,1
8462,1
8463,0
8464,0
8465,1
8466,1
8467,1
8468,1
8469,1
8470,1
8471,1
8472,1
8473,0
8474,1
8475,0
8476,1
8477,0
8478,1
8479,0
8480,0
8481,0
8482,0
8483,0
8484,1
8485,1
8486,1
8487,0
8488,1
8489,0
8490,1
8491,1
8492,1
8493,1
8494,0
8495,1
8496,0
8497,0
8498,1
8499,0
8500,1
8501,1
8502,1
8503,0
8504,1
8505,0
8506,0
8507,1
8508,1
8509,0
8510,1
8511,0
8512,0
8513,0
8514,1
8515,1
8516,0
8517,1
8518,1
8519,1
8520,0
8521,1
8522,1
8523,1
8524,1
8525,1
8526,0
8527,0
8528,1
8529,1
8530,0
8531,1
8532,0
8533,0
8534,0
8535,1
8536,1
8537,1
8538,1
8539,1
8540,0
8541,1
8542,1
8543,1
8544,1
8545,0
8546,1
8547,1
8548,0
8549,1
8550,0
8551,1
8552,0
8553,1
8554,1
8555,1
8556,1
8557,1
8558,1
8559,1
8560,0
8561,0
8562,1
8563,0
8564,1
8565,0
8566,1
8567,0
8568,1
8569,0
8570,0
8571,1
8572,0
8573,1
8574,0
8575,0
8576,1
8577,0
8578,0
8579,1
8580,1
8581,0
8582,1
8583,0
8584,1
8585,1
8586,0
8587,1
8588,0
8589,1
8590,1
8591,0
8592,0
8593,1
8594,0
8595,1
8596,0
8597,1
8598,0
8599,1
8600,1
8601,1
8602,1
8603,0
8604,1
8605,0
8606,1
8607,1
8608,0
8609,0
8610,1
8611,0
8612,1
8613,0
8614,0
8615,0
8616,1
8617,1
8618,1
8619,1
8620,1
8621,1
8622,0
8623,0
8624,0
8625,0
8626,0
8627,0
8628,1
8629,0
8630,0
8631,1
8632,1
8633,0
8634,1
8635,1
8636,1
8637,0
8638,1
8639,1
8640,1
8641,1
8642,1
8643,0
8644,1
8645,0
8646,0
8647,1
8648,0
8649,1
8650,1
8651,0
8652,0
8653,1
8654,0
8655,0
8656,1
8657,1
8658,1
8659,0
8660,1
8661,1
8662,0
8663,1
8664,0
8665,0
8666,1
8667,1
8668,1
8669,1
8670,1
8671,1
8672,1
8673,0
8674,1
8675,1
8676,0
8677,1
8678,0
8679,0
8680,1
8681,1
8682,1
8683,0
8684,1
8685,0
8686,0
8687,0
8688,1
8689,1
8690,1
8691,1
8692,0
8693,1
8694,1
8695,1
8696,1
8697,0
8698,1
8699,1
8700,1
8701,0
8702,1
8703,1
8704,0
8705,0
8706,0
8707,1
8708,1
8709,1
8710,1
8711,1
8712,1
8713,0
8714,0
8715,1
8716,0
8717,1
8718,1
8719,0
8720,1
8721,0
8722,1
8723,1
8724,0
8725,1
8726,1
8727,0
8728,0
8729,1
8730,1
8731,1
8732,0
8733,1
8734,0
8735,1
8736,1
8737,0
8738,1
8739,1
8740,0
8741,0
8742,1
8743,0
8744,1
8745,1
8746,1
8747,1
8748,0
8749,0
8750,1
8751,1
8752,1
8753,0
8754,0
8755,1
8756,1
8757,1
8758,1
8759,1
8760,0
8761,0
8762,0
8763,1
8764,0
8765,1
8766,0
8767,1
8768,1
8769,0
8770,1
8771,1
8772,1
8773,0
8774,0
8775,1
8776,0
8777,1
8778,0
8779,0
8780,0
8781,0
8782,1
8783,1
8784,0
8785,1
8786,1
8787,1
8788,1
8789,0
8790,0
8791,1
8792,1
8793,1
8794,0
8795,1
8796,0
8797,1
8798,1
8799,1
8800,1
8801,0
8802,1
8803,1
8804,1
8805,0
8806,0
8807,1
8808,1
8809,0
8810,1
8811,1
8812,0
8813,1
8814,0
8815,1
8816,1
8817,1
8818,0
8819,0
8820,1
8821,0
8822,0
8823,1
8824,1
8825,0
8826,1
8827,1
8828,1
8829,1
8830,1
8831,1
8832,0
8833,1
8834,1
8835,1
8836,1
8837,0
8838,1
8839,1
8840,1
8841,0
8842,1
8843,1
8844,0
8845,1
8846,1
8847,0
8848,1
8849,1
8850,0
8851,0
8852,0
8853,0
8854,0
8855,0
8856,1
8857,0
8858,0
8859,1
8860,1
8861,0
8862,0
8863,1
8864,1
8865,1
8866,0
8867,1
8868,0
8869,1
8870,1
8871,1
8872,1
8873,0
8874,0
8875,0
8876,0
8877,0
8878,1
8879,1
8880,1
8881,1
8882,1
8883,1
8884,0
8885,1
8886,0
8887,0
8888,0
8889,1
8890,1
8891,0
8892,1
8893,1
8894,0
8895,1
8896,0
8897,0
8898,1
8899,0
8900,1
8901,1
8902,1
8903,0
8904,1
8905,1
8906,1
8907,0
8908,1
8909,0
8910,1
8911,1
8912,1
8913,1
8914,1
8915,1
8916,0
8917,0
8918,1
8919,0
8920,0
8921,1
8922,1
8923,0
8924,0
8925,1
8926,1
8927,0
8928,0
8929,0
8930,1
8931,1
8932,1
8933,1
8934,1
8935,1
8936,1
8937,1
8938,0
8939,1
8940,1
8941,0
8942,0
8943,1
8944,1
8945,0
8946,1
8947,1
8948,0
8949,0
8950,1
8951,0
8952,0
8953,1
8954,0
8955,1
8956,0
8957,0
8958,1
8959,1
8960,1
8961,1
8962,1
8963,1
8964,0
8965,1
8966,1
8967,1
8968,1
8969,1
8970,1
8971,0
8972,0
8973,1
8974,1
8975,0
8976,0
8977,0
8978,1
8979,0
8980,1
8981,0
8982,1
8983,0
8984,0
8985,1
8986,0
8987,1
8988,1
8989,0
8990,0
8991,1
8992,1
8993,1
8994,1
8995,0
8996,1
8997,0
8998,1
8999,1
9000,0
9001,0
9002,1
9003,1
9004,1
9005,0
9006,0
9007,1
9008,0
9009,0
9010,1
9011,1
9012,1
9013,0
9014,1
9015,0
9016,0
9017,0
9018,1
9019,0
9020,0
9021,1
9022,1
9023,0
9024,0
9025,1
9026,1
9027,1
9028,1
9029,0
9030,0
9031,1
9032,1
9033,1
9034,1
9035,0
9036,1
9037,1
9038,0
9039,1
9040,0
9041,1
9042,1
9043,1
9044,1
9045,1
9046,0
9047,0
9048,1
9049,0
9050,0
9051,1
9052,1
9053,1
9054,0
9055,1
9056,1
9057,1
9058,0
9059,0
9060,0
9061,1
9062,1
9063,1
9064,0
9065,0
9066,1
9067,1
9068,1
9069,1
9070,1
9071,0
9072,0
9073,1
9074,1
9075,0
9076,1
9077,1
9078,0
9079,1
9080,1
9081,1
9082,1
9083,1
9084,1
9085,1
9086,0
9087,1
9088,0
9089,1
9090,1
9091,0
9092,0
9093,0
9094,1
9095,1
9096,0
9097,0
9098,0
9099,0
9100,0
9101,0
9102,1
9103,1
9104,1
9105,1
9106,1
9107,0
9108,1
9109,1
9110,0
9111,1
9112,1
9113,1
9114,0
9115,0
9116,1
9117,1
9118,1
9119,1
9120,1
9121,1
9122,0
9123,0
9124,1
9125,1
9126,1
9127,1
9128,0
9129,0
9130,0
9131,0
9132,1
9133,1
9134,1
9135,0
9136,1
9137,0
9138,1
9139,1
9140,1
9141,0
9142,0
9143,0
9144,1
9145,0
9146,0
9147,1
9148,0
9149,0
9150,1
9151,1
9152,0
9153,1
9154,1
9155,0
9156,1
9157,0
9158,1
9159,1
9160,0
9161,1
9162,1
9163,1
9164,1
9165,0
9166,0
9167,1
9168,1
9169,0
9170,1
9171,0
9172,1
9173,0
9174,1
9175,0
9176,1
9177,1
9178,0
9179,0
9180,1
9181,1
9182,1
9183,1
9184,1
9185,0
9186,1
9187,1
9188,1
9189,1
9190,1
9191,0
9192,0
9193,1
9194,1
9195,0
9196,0
9197,1
9198,1
9199,1
9200,1
9201,0
9202,1
9203,1
9204,1
9205,1
9206,0
9207,1
9208,1
9209,0
9210,0
9211,1
9212,0
9213,1
9214,1
9215,1
9216,1
9217,1
9218,1
9219,0
9220,0
9221,0
9222,1
9223,1
9224,0
9225,1
9226,0
9227,1
9228,0
9229,1
9230,0
9231,1
9232,1
9233,1
9234,1
9235,0
9236,1
9237,0
9238,1
9239,0
9240,0
9241,1
9242,0
9243,1
9244,1
9245,1
9246,1
9247,1
9248,1
9249,0
9250,0
9251,0
9252,1
9253,1
9254,1
9255,1
9256,0
9257,1
9258,1
9259,1
9260,1
9261,1
9262,0
9263,1
9264,1
9265,0
9266,0
9267,0
9268,0
9269,0
9270,1
9271,1
9272,1
9273,1
9274,1
9275,0
9276,0
9277,1
9278,1
9279,1
9280,0
9281,1
9282,1
9283,0
9284,0
9285,1
9286,1
9287,0
9288,0
9289,1
9290,0
9291,1
9292,0
9293,0
9294,1
9295,0
9296,0
9297,0
9298,1
9299,0
9300,0
9301,0
9302,1
9303,1
9304,1
9305,0
9306,0
9307,1
9308,1
9309,0
9310,1
9311,0
9312,1
9313,0
9314,1
9315,1
9316,0
9317,1
9318,0
9319,1
9320,0
9321,1
9322,1
9323,0
9324,1
9325,1
9326,1
9327,1
9328,0
9329,1
9330,1
9331,0
9332,0
9333,1
9334,1
9335,0
9336,0
9337,0
9338,0
9339,0
9340,0
9341,0
9342,1
9343,1
9344,1
9345,0
9346,0
9347,0
9348,0
9349,0
9350,0
9351,1
9352,0
9353,1
9354,1
9355,0
9356,0
9357,1
9358,1
9359,1
9360,0
9361,1
9362,1
9363,1
9364,1
9365,0
9366,0
9367,0
9368,0
9369,0
9370,1
9371,1
9372,0
9373,1
9374,1
9375,0
9376,1
9377,1
9378,1
9379,0
9380,1
9381,1
9382,0
9383,1
9384,0
9385,0
9386,1
9387,1
9388,1
9389,0
9390,0
9391,1
9392,1
9393,1
9394,1
9395,0
9396,1
9397,0
9398,0
9399,1
9400,1
9401,1
9402,0
9403,0
9404,1
9405,1
9406,1
9407,1
9408,0
9409,1
9410,1
9411,1
9412,1
9413,0
9414,1
9415,1
9416,0
9417,0
9418,1
9419,1
9420,1
9421,1
9422,0
9423,1
9424,0
9425,1
9426,1
9427,1
9428,1
9429,1
9430,1
9431,0
9432,0
9433,0
9434,1
9435,1
9436,0
9437,0
9438,1
9439,0
9440,0
9441,1
9442,0
9443,1
9444,0
9445,1
9446,1
9447,0
9448,1
9449,0
9450,1
9451,1
9452,1
9453,1
9454,1
9455,1
9456,0
9457,1
9458,0
9459,0
9460,1
9461,0
9462,1
9463,0
9464,0
9465,0
9466,1
9467,0
9468,1
9469,1
9470,0
9471,1
9472,0
9473,0
9474,1
9475,0
9476,0
9477,1
9478,1
9479,1
9480,0
9481,1
9482,1
9483,1
9484,1
9485,1
9486,1
9487,1
9488,1
9489,0
9490,1
9491,1
9492,1
9493,1
9494,1
9495,1
9496,0
9497,1
9498,1
9499,1
9500,0
9501,1
9502,1
9503,0
9504,0
9505,0
9506,1
9507,1
9508,0
9509,0
9510,0
9511,0
9512,0
9513,1
9514,1
9515,1
9516,1
9517,1
9518,0
9519,1
9520,1
9521,0
9522,0
9523,0
9524,1
9525,1
9526,1
9527,1
9528,1
9529,1
9530,0
9531,1
9532,0
9533,1
9534,0
9535,1
9536,1
9537,1
9538,1
9539,1
9540,1
9541,1
9542,1
9543,1
9544,1
9545,0
9546,0
9547,1
9548,0
9549,0
9550,1
9551,0
9552,1
9553,1
9554,0
9555,1
9556,0
9557,1
9558,1
9559,0
9560,0
9561,0
9562,1
9563,0
9564,1
9565,0
9566,0
9567,1
9568,1
9569,0
9570,1
9571,1
9572,0
9573,1
9574,1
9575,1
9576,1
9577,1
9578,0
9579,1
9580,0
9581,1
9582,1
9583,1
9584,1
9585,0
9586,1
9587,0
9588,0
9589,1
9590,1
9591,0
9592,0
9593,0
9594,1
9595,0
9596,0
9597,0
9598,1
9599,1
9600,1
9601,1
9602,1
9603,0
9604,1
9605,0
9606,0
9607,1
9608,1
9609,1
9610,1
9611,1
9612,0
9613,1
9614,1
9615,0
9616,1
9617,0
9618,1
9619,0
9620,1
9621,1
9622,0
9623,1
9624,1
9625,0
9626,0
9627,1
9628,1
9629,0
9630,0
9631,1
9632,1
9633,1
9634,1
9635,1
9636,0
9637,1
9638,1
9639,1
9640,1
9641,1
9642,0
9643,1
9644,0
9645,1
9646,1
9647,0
9648,1
9649,1
9650,1
9651,0
9652,0
9653,0
9654,1
9655,1
9656,1
9657,1
9658,1
9659,1
9660,1
9661,1
9662,0
9663,1
9664,1
9665,1
9666,1
9667,0
9668,1
9669,1
9670,0
9671,0
9672,1
9673,0
9674,0
9675,1
9676,0
9677,0
9678,1
9679,1
9680,1
9681,1
9682,0
9683,0
9684,0
9685,0
9686,1
9687,1
9688,0
9689,1
9690,1
9691,0
9692,1
9693,1
9694,0
9695,1
9696,0
9697,1
9698,0
9699,0
9700,0
9701,0
9702,0
9703,0
9704,0
9705,1
9706,1
9707,1
9708,1
9709,1
9710,1
9711,1
9712,0
9713,1
9714,1
9715,1
9716,1
9717,1
9718,0
9719,1
9720,0
9721,0
9722,1
9723,1
9724,1
9725,1
9726,1
9727,1
9728,0
9729,1
9730,0
9731,0
9732,1
9733,0
9734,0
9735,1
9736,1
9737,0
9738,1
9739,1
9740,1
9741,0
9742,0
9743,0
9744,1
9745,0
9746,0
9747,1
9748,0
9749,0
9750,0
9751,0
9752,1
9753,1
9754,1
9755,0
9756,1
9757,1
9758,1
9759,1
9760,0
9761,1
9762,1
9763,0
9764,0
9765,0
9766,1
9767,0
9768,1
9769,1
9770,0
9771,0
9772,1
9773,0
9774,1
9775,1
9776,0
9777,1
9778,0
9779,1
9780,1
9781,0
9782,1
9783,0
9784,1
9785,0
9786,0
9787,1
9788,0
9789,1
9790,1
9791,0
9792,1
9793,0
9794,0
9795,0
9796,0
9797,0
9798,1
9799,1
9800,0
9801,0
9802,0
9803,0
9804,0
9805,1
9806,0
9807,1
9808,0
9809,1
9810,0
9811,0
9812,1
9813,1
9814,1
9815,1
9816,1
9817,1
9818,1
9819,0
9820,0
9821,0
9822,1
9823,1
9824,0
9825,1
9826,0
9827,1
9828,1
9829,1
9830,1
9831,1
9832,1
9833,0
9834,0
9835,1
9836,1
9837,1
9838,0
9839,0
9840,1
9841,1
9842,0
9843,1
9844,1
9845,1
9846,1
9847,1
9848,1
9849,1
9850,1
9851,1
9852,1
9853,1
9854,0
9855,1
9856,0
9857,0
9858,0
9859,0
9860,1
9861,1
9862,0
9863,0
9864,0
9865,1
9866,1
9867,1
9868,0
9869,1
9870,1
9871,0
9872,0
9873,0
9874,0
9875,1
9876,0
9877,1
9878,0
9879,1
9880,1
9881,0
9882,1
9883,0
9884,0
9885,0
9886,0
9887,0
9888,0
9889,0
9890,1
9891,0
9892,0
9893,1
9894,0
9895,1
9896,1
9897,1
9898,1
9899,1
9900,1
9901,1
9902,1
9903,1
9904,1
9905,1
9906,1
9907,0
9908,1
9909,0
9910,0
9911,0
9912,1
9913,1
9914,0
9915,0
9916,0
9917,1
9918,1
9919,0
9920,1
9921,1
9922,0
9923,1
9924,1
9925,0
9926,0
9927,1
9928,1
9929,0
9930,1
9931,1
9932,0
9933,1
9934,1
9935,0
9936,0
9937,0
9938,0
9939,1
9940,1
9941,1
9942,0
9943,1
9944,0
9945,0
9946,0
9947,0
9948,1
9949,1
9950,1
9951,0
9952,0
9953,0
9954,1
9955,0
9956,1
9957,0
9958,1
9959,0
9960,0
9961,1
9962,0
9963,0
9964,1
9965,1
9966,1
9967,0
9968,0
9969,0
9970,1
9971,0
9972,1
9973,1
9974,0
9975,1
9976,1
9977,1
9978,1
9979,0
9980,1
9981,1
9982,1
9983,1
9984,1
9985,0
9986,1
9987,1
9988,1
9989,0
9990,0
9991,0
9992,1
9993,0
9994,0
9995,1
9996,1
9997,1
9998,1
9999,0
10000,1
